indice_cliente,media_movel
125.0,6.166699673929898
126.0,6.201022097834682
127.0,6.23412857744704
128.0,6.265556109028419
129.0,6.295999245374436
130.0,6.324759504468459
131.0,6.3526347844176945
132.0,6.379758242178291
133.0,6.4059252551893415
134.0,6.4319903225607975
135.0,6.457334611331863
136.0,6.482538705953734
137.0,6.506874538107039
138.0,6.530760109074943
139.0,6.554723286211804
140.0,6.578288421978226
141.0,6.601187967917428
142.0,6.623833307190684
143.0,6.646741977748964
144.0,6.669640387126065
145.0,6.69320855351292
146.0,6.716420565882127
147.0,6.739283118257149
148.0,6.761136928008231
149.0,6.783164598491691
150.0,6.804983693089502
151.0,6.826106421944934
152.0,6.846588168266621
153.0,6.866347220813965
154.0,6.885945644285385
155.0,6.905757934067314
156.0,6.925620569268003
157.0,6.945014520416445
158.0,6.962866151861809
159.0,6.979986851777312
160.0,6.997490619384948
161.0,7.0148819991201465
162.0,7.032479767885832
163.0,7.050226811835936
164.0,7.067050927139741
165.0,7.084141342246174
166.0,7.101823496760519
167.0,7.119842894713024
168.0,7.137395987726298
169.0,7.155573714251431
170.0,7.173356241663536
171.0,7.191819693932634
172.0,7.2094025657494125
173.0,7.2264225687529136
174.0,7.24317727285926
175.0,7.258741731434042
176.0,7.273758544398556
177.0,7.288608306097815
178.0,7.30375749681433
179.0,7.318116467001559
180.0,7.3322413752698425
181.0,7.346451167742466
182.0,7.360777868986372
183.0,7.375123223711004
184.0,7.3890643656120405
185.0,7.402270540785091
186.0,7.415231297520377
187.0,7.428373253426912
188.0,7.4416348636443015
189.0,7.454359034956153
190.0,7.467206804212655
191.0,7.479714513370874
192.0,7.492124198719452
193.0,7.503641099490904
194.0,7.5156905508795235
195.0,7.527437385403957
196.0,7.538734577529183
197.0,7.549989173814751
198.0,7.560737642403586
199.0,7.571262993269604
200.0,7.581503573255512
201.0,7.591533993513966
202.0,7.600973767850438
203.0,7.610231932174151
204.0,7.619624670948666
205.0,7.629170045312258
206.0,7.639517276110712
207.0,7.649533249358209
208.0,7.659722387930735
209.0,7.670206211605609
210.0,7.680682549315707
211.0,7.690841557861515
212.0,7.701048077555561
213.0,7.709998773542231
214.0,7.718798104673563
215.0,7.727414299229572
216.0,7.736030728914694
217.0,7.744850024614654
218.0,7.7535784997847275
219.0,7.762550554335372
220.0,7.771558516664196
221.0,7.780981837068165
222.0,7.790363683441208
223.0,7.7993879461472675
224.0,7.808589218533825
225.0,7.817580776325178
226.0,7.826164771061643
227.0,7.835613351862012
228.0,7.84495368431871
229.0,7.853721412139746
230.0,7.8628177692567345
231.0,7.872506485194886
232.0,7.88270446828072
233.0,7.892826930855093
234.0,7.903444695955385
235.0,7.9142244977797604
236.0,7.924873054999283
237.0,7.935909590644953
238.0,7.946794036630758
239.0,7.958395068280678
240.0,7.969764664377078
241.0,7.981014988264877
242.0,7.993096559771766
243.0,8.00482612093135
244.0,8.016586700289052
245.0,8.027878301089054
246.0,8.03886326500517
247.0,8.049293482953464
248.0,8.059111977890659
249.0,8.068714678015857
250.0,8.07812100366492
251.0,8.087648674327754
252.0,8.097376275091303
253.0,8.106848497643503
254.0,8.116392789941907
255.0,8.125483214894823
256.0,8.134228456175986
257.0,8.142732415908387
258.0,8.151245398489673
259.0,8.160236304465931
260.0,8.168553830050996
261.0,8.177050906722314
262.0,8.185446999059616
263.0,8.193577382129433
264.0,8.201583761770527
265.0,8.208964496506637
266.0,8.216009930419903
267.0,8.22232116975518
268.0,8.228423807942471
269.0,8.234329485057444
270.0,8.240670144036347
271.0,8.247564899326226
272.0,8.254800587926324
273.0,8.262549706866023
274.0,8.27036581511459
275.0,8.277256788234533
276.0,8.283724135601377
277.0,8.289992624529857
278.0,8.295372151480729
279.0,8.3012555596352
280.0,8.30622163038326
281.0,8.310216086351382
282.0,8.31388427733119
283.0,8.317643117300845
284.0,8.321204632579734
285.0,8.324705278542469
286.0,8.328385511222407
287.0,8.332957964880267
288.0,8.33727596486637
289.0,8.340792271662345
290.0,8.344806988793238
291.0,8.349590052226208
292.0,8.354458274574721
293.0,8.35976151999427
294.0,8.3646150486293
295.0,8.36909544211453
296.0,8.373822724917014
297.0,8.378915946382353
298.0,8.3838689868236
299.0,8.388971856160017
300.0,8.393348711730965
301.0,8.397498721927086
302.0,8.401614564521104
303.0,8.406136940054083
304.0,8.411197964675894
305.0,8.41616413038855
306.0,8.421110520668039
307.0,8.426002090130197
308.0,8.430949763813974
309.0,8.436082107138366
310.0,8.440853195719168
311.0,8.445456284198224
312.0,8.44987988535788
313.0,8.454389896154431
314.0,8.458862304064901
315.0,8.463376677956804
316.0,8.468115895955544
317.0,8.472544803243427
318.0,8.477665400392636
319.0,8.482903488611598
320.0,8.487981039615313
321.0,8.493198892626955
322.0,8.49778199030818
323.0,8.502322996312895
324.0,8.506879337150172
325.0,8.511350407179627
326.0,8.51545922020425
327.0,8.519748650595284
328.0,8.52429356316339
329.0,8.529093392538764
330.0,8.533559665170774
331.0,8.53748868417096
332.0,8.541360760884189
333.0,8.545090598943718
334.0,8.549254211441996
335.0,8.553485931630792
336.0,8.557423143139966
337.0,8.561096212916961
338.0,8.565332709755776
339.0,8.569631239058856
340.0,8.57374590446693
341.0,8.577409083220916
342.0,8.580557680911879
343.0,8.584083338078514
344.0,8.58820883651385
345.0,8.592655352288384
346.0,8.596674467693521
347.0,8.599956262283683
348.0,8.603863211636954
349.0,8.607585763576639
350.0,8.611425555110502
351.0,8.615537563255762
352.0,8.619389804803697
353.0,8.623091377777719
354.0,8.626215104648749
355.0,8.628907142324374
356.0,8.631684059200497
357.0,8.634540413315873
358.0,8.637173643420155
359.0,8.639938159965418
360.0,8.642308180996576
361.0,8.64499205338039
362.0,8.647241169129632
363.0,8.65036577393381
364.0,8.653884531253656
365.0,8.656854131722342
366.0,8.660041433080783
367.0,8.663255202978329
368.0,8.66616950549019
369.0,8.669002111613244
370.0,8.670898820047098
371.0,8.672679702268294
372.0,8.673771675821863
373.0,8.67448632511535
374.0,8.675059018153542
375.0,8.676153814884403
376.0,8.677667463475979
377.0,8.678628530540754
378.0,8.680201637046034
379.0,8.681653672211532
380.0,8.683297763360294
381.0,8.684641728669938
382.0,8.686427033483486
383.0,8.688737959610489
384.0,8.690559934657742
385.0,8.692060216239414
386.0,8.693462712189467
387.0,8.695563844974352
388.0,8.697891588720479
389.0,8.69978943537277
390.0,8.701904925744815
391.0,8.70493123826874
392.0,8.707073936532852
393.0,8.708629755829785
394.0,8.709846456584346
395.0,8.710408587110042
396.0,8.710705230902416
397.0,8.711118421495557
398.0,8.712076794302524
399.0,8.712528098352502
400.0,8.713142082606451
401.0,8.714410806791475
402.0,8.715579077561243
403.0,8.716673159440422
404.0,8.717855435319567
405.0,8.718886211854207
406.0,8.719537022503795
407.0,8.720300199985637
408.0,8.721229752617608
409.0,8.72308924202236
410.0,8.724924598875862
411.0,8.726529614610142
412.0,8.727740281050542
413.0,8.729209816841186
414.0,8.731751310962396
415.0,8.734498545242745
416.0,8.737138972970305
417.0,8.739044789659523
418.0,8.741091768129133
419.0,8.742130755701957
420.0,8.743992729455748
421.0,8.745517831385804
422.0,8.747143862822604
423.0,8.748431929925752
424.0,8.750170565357239
425.0,8.752454438726726
426.0,8.754623556658194
427.0,8.756628764007479
428.0,8.758531371239089
429.0,8.760304184690252
430.0,8.76245902012128
431.0,8.764094716641221
432.0,8.765583251522617
433.0,8.766399815067048
434.0,8.766609933196193
435.0,8.767293423796204
436.0,8.768210273976953
437.0,8.769340664149766
438.0,8.769804782528603
439.0,8.770528957985807
440.0,8.771105780259418
441.0,8.772199778103705
442.0,8.772786133981503
443.0,8.773634405774379
444.0,8.773790040313001
445.0,8.7740367894983
446.0,8.773729173371127
447.0,8.773630873970507
448.0,8.77414721913319
449.0,8.774397708260452
450.0,8.774915663615753
451.0,8.775590115498543
452.0,8.77716951812143
453.0,8.778829117830224
454.0,8.780739988353982
455.0,8.782226220508573
456.0,8.783725412667728
457.0,8.78528052086149
458.0,8.786895357975258
459.0,8.78837267123874
460.0,8.789873288522367
461.0,8.791286714700849
462.0,8.792962047138335
463.0,8.794818502544933
464.0,8.797029255818291
465.0,8.799049193110015
466.0,8.80046129229633
467.0,8.801981943790095
468.0,8.80298432548091
469.0,8.803395972129971
470.0,8.80403096622375
471.0,8.804611206001026
472.0,8.805248704992552
473.0,8.806399211299738
474.0,8.80763645185738
475.0,8.808923444274908
476.0,8.810271676155809
477.0,8.81051790581978
478.0,8.810971566653823
479.0,8.812211003841327
480.0,8.813270970381248
481.0,8.813751955119164
482.0,8.81341710692701
483.0,8.813117387147651
484.0,8.8126395734799
485.0,8.811634358730466
486.0,8.809864400459569
487.0,8.80790830407
488.0,8.806180869476659
489.0,8.804799959733465
490.0,8.804449001390239
491.0,8.80379512518159
492.0,8.802152895749128
493.0,8.800663021176637
494.0,8.799524168376731
495.0,8.798637493404401
496.0,8.797456077185775
497.0,8.796683619167112
498.0,8.796142037414313
499.0,8.795619783658776
500.0,8.794968661808891
501.0,8.794719968225682
502.0,8.794424054738037
503.0,8.794318836537352
504.0,8.794144450454713
505.0,8.794317866459524
506.0,8.794459726968082
507.0,8.79420522698606
508.0,8.793836396863686
509.0,8.793269755624353
510.0,8.793244322641986
511.0,8.79308886712749
512.0,8.792476030144517
513.0,8.791326323653042
514.0,8.789482647239765
515.0,8.788203613373655
516.0,8.787120638726304
517.0,8.786218030615602
518.0,8.785766237998967
519.0,8.785593306963985
520.0,8.784778428264831
521.0,8.784171690663573
522.0,8.782922056109626
523.0,8.781462788616484
524.0,8.7802291222865
525.0,8.779826541583938
526.0,8.779382972596524
527.0,8.77902376914232
528.0,8.77895635064915
529.0,8.777600109466492
530.0,8.776791199310406
531.0,8.776383410678825
532.0,8.776454132643941
533.0,8.776945047137573
534.0,8.776771414649604
535.0,8.776953910398257
536.0,8.776658987808199
537.0,8.77591697473472
538.0,8.775694306927882
539.0,8.775994905508654
540.0,8.776065979549498
541.0,8.775534404849926
542.0,8.774848427188735
543.0,8.773601406673539
544.0,8.772735661349003
545.0,8.772317587416206
546.0,8.771688906384105
547.0,8.771907962197115
548.0,8.77169818132966
549.0,8.771201962424508
550.0,8.771645165906582
551.0,8.772575698850986
552.0,8.773667160205099
553.0,8.774809245339616
554.0,8.77575199617437
555.0,8.77701400659927
556.0,8.778504281839846
557.0,8.780128612227921
558.0,8.781771395940476
559.0,8.783594852889568
560.0,8.785120719826434
561.0,8.78686191797059
562.0,8.7877366159654
563.0,8.788272471792947
564.0,8.788200476272518
565.0,8.788678283276832
566.0,8.788572200175706
567.0,8.788582953806454
568.0,8.78903194271396
569.0,8.78957733120736
570.0,8.79052916097286
571.0,8.790850094693658
572.0,8.791871274280131
573.0,8.792773929156748
574.0,8.793984766989825
575.0,8.795004626818473
576.0,8.796447918586784
577.0,8.797369566327001
578.0,8.797332378190681
579.0,8.79732064917812
580.0,8.797666974446328
581.0,8.798005516959707
582.0,8.79704452305768
583.0,8.796048827429575
584.0,8.794873941798487
585.0,8.79462102450537
586.0,8.794048200467433
587.0,8.793605241815877
588.0,8.792491998566447
589.0,8.790939289524694
590.0,8.788973406007763
591.0,8.78705548710377
592.0,8.785758087498373
593.0,8.783856123718119
594.0,8.781476458771916
595.0,8.778956099020295
596.0,8.776277263010034
597.0,8.773721207879001
598.0,8.771357492534749
599.0,8.768975513050071
600.0,8.76684048211096
601.0,8.764386383991031
602.0,8.761935500927382
603.0,8.759474517579298
604.0,8.757205846796738
605.0,8.755269417447236
606.0,8.753879324825967
607.0,8.752134711672767
608.0,8.750417669322488
609.0,8.74917767191283
610.0,8.747932179769643
611.0,8.747211682800284
612.0,8.746080700582958
613.0,8.74488152924832
614.0,8.74392178232988
615.0,8.743565550065261
616.0,8.742661499234815
617.0,8.741179790427509
618.0,8.73991176198043
619.0,8.738317515011508
620.0,8.737066912197298
621.0,8.73642677264061
622.0,8.736251162964116
623.0,8.736437877314334
624.0,8.73627296706294
625.0,8.735762600978921
626.0,8.735453210846783
627.0,8.734795830633756
628.0,8.733935377529484
629.0,8.732675228540678
630.0,8.732301605004185
631.0,8.732164318558159
632.0,8.731351131987967
633.0,8.729226083228385
634.0,8.727349823499484
635.0,8.725288663236913
636.0,8.723229163802669
637.0,8.720760266685621
638.0,8.71820529636695
639.0,8.715779368063245
640.0,8.713192398277286
641.0,8.70962350504071
642.0,8.707000815367037
643.0,8.703976423121942
644.0,8.70092162318798
645.0,8.697247042137983
646.0,8.693380663451656
647.0,8.689891229175885
648.0,8.686965481315037
649.0,8.68377353586971
650.0,8.68001847840241
651.0,8.675571534919685
652.0,8.671258155104514
653.0,8.667543511192804
654.0,8.664354571501178
655.0,8.661202094150566
656.0,8.658793030022041
657.0,8.65658061826585
658.0,8.654586268959164
659.0,8.652623177037457
660.0,8.6503438389801
661.0,8.648407543958035
662.0,8.646207892425096
663.0,8.643208855866906
664.0,8.63875804155111
665.0,8.633517379817437
666.0,8.628086018057312
667.0,8.623838911267134
668.0,8.619565052658624
669.0,8.61620234817776
670.0,8.612338179291706
671.0,8.6093585347301
672.0,8.60649492071849
673.0,8.604033745003273
674.0,8.601808630600873
675.0,8.599658146911146
676.0,8.598310531363884
677.0,8.596658578193054
678.0,8.595093299626932
679.0,8.593817445200918
680.0,8.592427017422482
681.0,8.591512330620214
682.0,8.590752336951159
683.0,8.59038258103283
684.0,8.590521569787889
685.0,8.590346610741957
686.0,8.59005650590668
687.0,8.589741968973085
688.0,8.589698929953618
689.0,8.589811475861028
690.0,8.590053375570843
691.0,8.590003473953436
692.0,8.590705566196208
693.0,8.590884652945281
694.0,8.591074317021157
695.0,8.591420348839724
696.0,8.592303362118928
697.0,8.593398666301832
698.0,8.594431760918436
699.0,8.59552043418826
700.0,8.59587376762021
701.0,8.596661036506372
702.0,8.596310526866231
703.0,8.596044637128772
704.0,8.595085816509796
705.0,8.594123697270577
706.0,8.592492043339188
707.0,8.591243026196137
708.0,8.589873815740898
709.0,8.589066042466428
710.0,8.588204230079231
711.0,8.587645601994227
712.0,8.587003177272756
713.0,8.586949063986737
714.0,8.587237570882788
715.0,8.587643376121408
716.0,8.587659627617517
717.0,8.587560757545345
718.0,8.588235082854865
719.0,8.589215024118715
720.0,8.589806666783907
721.0,8.590612036516124
722.0,8.592147292412385
723.0,8.593192618264597
724.0,8.594099635898466
725.0,8.595160446106318
726.0,8.596072036977043
727.0,8.597421559964582
728.0,8.598659168084824
729.0,8.599999650868712
730.0,8.600975300446208
731.0,8.602203907295417
732.0,8.603669646410388
733.0,8.605401547344888
734.0,8.606443972272366
735.0,8.607244250831338
736.0,8.60928446532702
737.0,8.61136078331669
738.0,8.61339870905463
739.0,8.613980289088287
740.0,8.614570784967805
741.0,8.615362434387265
742.0,8.616417660992338
743.0,8.617574911198245
744.0,8.618556340052267
745.0,8.619271564390566
746.0,8.620101685056746
747.0,8.621563798265372
748.0,8.622627792285865
749.0,8.62380602109421
750.0,8.624784363848075
751.0,8.625397101609698
752.0,8.626336272680533
753.0,8.627782400387257
754.0,8.629675211751938
755.0,8.631750812930562
756.0,8.633899205136343
757.0,8.63611896864796
758.0,8.638879850867351
759.0,8.641580458868221
760.0,8.644215277446877
761.0,8.646304209390864
762.0,8.648675419155094
763.0,8.651507176204628
764.0,8.655087597130873
765.0,8.658048316455515
766.0,8.661579673157163
767.0,8.665194411136515
768.0,8.668695844386429
769.0,8.672079185919845
770.0,8.675901098158008
771.0,8.679952437490165
772.0,8.68432192001877
773.0,8.687668961287628
774.0,8.691018306245592
775.0,8.69448436744846
776.0,8.69755453535141
777.0,8.700317916585604
778.0,8.703306678113101
779.0,8.70622067624753
780.0,8.709300168855068
781.0,8.711856812147934
782.0,8.714293019385243
783.0,8.716259514545484
784.0,8.718917637601576
785.0,8.721474270253813
786.0,8.724140516627223
787.0,8.72707349930109
788.0,8.730010834582064
789.0,8.73306084286005
790.0,8.735522337632013
791.0,8.738264313986068
792.0,8.740714050943708
793.0,8.743450067431457
794.0,8.746660111234236
795.0,8.749753497457512
796.0,8.752947706295316
797.0,8.755536379901553
798.0,8.758156317592263
799.0,8.760802678021165
800.0,8.762928055341241
801.0,8.764696182202872
802.0,8.76708895136748
803.0,8.76991126548529
804.0,8.772050898121483
805.0,8.773971059616253
806.0,8.775886108014644
807.0,8.777746859298944
808.0,8.780042302832669
809.0,8.781731398452163
810.0,8.783608354007145
811.0,8.78558503032251
812.0,8.78833162478376
813.0,8.79159864171995
814.0,8.79509959869725
815.0,8.798421185321688
816.0,8.802293192401347
817.0,8.806443284567251
818.0,8.809554098272818
819.0,8.81203657923765
820.0,8.815158054187172
821.0,8.819000721253447
822.0,8.82210867021466
823.0,8.825169956896366
824.0,8.828412678292919
825.0,8.831845700218619
826.0,8.834539487334194
827.0,8.837621561570245
828.0,8.840175566805337
829.0,8.842878414454995
830.0,8.845948496527907
831.0,8.849193298401966
832.0,8.852705405480636
833.0,8.855806311686354
834.0,8.859369692312539
835.0,8.861885460016385
836.0,8.864814687396619
837.0,8.867946819351694
838.0,8.871599984608498
839.0,8.875741050139196
840.0,8.880162297158284
841.0,8.885166509285732
842.0,8.889657848318196
843.0,8.89418657052072
844.0,8.898396371133655
845.0,8.901612315264492
846.0,8.905086573828116
847.0,8.907936051313389
848.0,8.910681909182511
849.0,8.912987220030242
850.0,8.915021100127131
851.0,8.91713061717265
852.0,8.919029661146524
853.0,8.920854782721019
854.0,8.922378856250313
855.0,8.923709967774938
856.0,8.92486126323904
857.0,8.926181905132408
858.0,8.92738568045333
859.0,8.92811126099602
860.0,8.929772905912767
861.0,8.931825539119618
862.0,8.934278949927235
863.0,8.936420036164758
864.0,8.937812299854103
865.0,8.938707603909785
866.0,8.940127875829385
867.0,8.94146122525601
868.0,8.943349359143852
869.0,8.945310071287928
870.0,8.947772438823375
871.0,8.949653498526224
872.0,8.951203510089007
873.0,8.95244980698215
874.0,8.954406945574119
875.0,8.956330517598913
876.0,8.95759894294487
877.0,8.959293598293627
878.0,8.960820836038867
879.0,8.96235871054261
880.0,8.963455626965915
881.0,8.964201456344028
882.0,8.96579925753499
883.0,8.9680977019558
884.0,8.970007489957954
885.0,8.972493208498943
886.0,8.974881765095054
887.0,8.977142660682834
888.0,8.979525917312321
889.0,8.98204118096071
890.0,8.984106029881401
891.0,8.987176155225137
892.0,8.990151363268705
893.0,8.99272738451006
894.0,8.995561976731159
895.0,8.99914089511673
896.0,9.00315547200241
897.0,9.007050884251747
898.0,9.009542060221001
899.0,9.012382240736446
900.0,9.015324003865935
901.0,9.018730318969478
902.0,9.02267199583446
903.0,9.026556907889896
904.0,9.029839669091759
905.0,9.032896053303968
906.0,9.035150735414645
907.0,9.037003499259496
908.0,9.039190281293072
909.0,9.040972377575251
910.0,9.042782252531673
911.0,9.044870160389959
912.0,9.047561357857413
913.0,9.050514451666423
914.0,9.05433451744145
915.0,9.058536934806696
916.0,9.062514418929092
917.0,9.06628675447684
918.0,9.070108562408572
919.0,9.074070930005972
920.0,9.07778960645418
921.0,9.080801693192894
922.0,9.083971145014234
923.0,9.08724867459762
924.0,9.089779247016189
925.0,9.091811564487235
926.0,9.092685297395658
927.0,9.09429194393072
928.0,9.096042124639634
929.0,9.098249153151594
930.0,9.100439998647827
931.0,9.102565496321972
932.0,9.104375815635319
933.0,9.10656742007598
934.0,9.109139185094218
935.0,9.11201170972903
936.0,9.115167829000397
937.0,9.11846520735569
938.0,9.121585660648769
939.0,9.124498927033773
940.0,9.127400819718865
941.0,9.130679998975351
942.0,9.133759614679015
943.0,9.137379804276216
944.0,9.141089921444333
945.0,9.144051501404892
946.0,9.14746641501998
947.0,9.150948288337686
948.0,9.154233407617234
949.0,9.158133394542144
950.0,9.162939646130337
951.0,9.166635491594892
952.0,9.171021584011998
953.0,9.175666632885559
954.0,9.181055625464987
955.0,9.186467763636553
956.0,9.192306435219747
957.0,9.19822490991552
958.0,9.20449834593433
959.0,9.210286183087547
960.0,9.216386093041168
961.0,9.222180304128285
962.0,9.227955143579848
963.0,9.23330832175689
964.0,9.238472966794875
965.0,9.243621617629223
966.0,9.249077479200913
967.0,9.254688955035489
968.0,9.259367335666743
969.0,9.264059576650498
970.0,9.269339531861261
971.0,9.274193719623181
972.0,9.278105828246751
973.0,9.282040109106568
974.0,9.285694504205237
975.0,9.289353501096619
976.0,9.29300988292997
977.0,9.296307303291332
978.0,9.2994819410833
979.0,9.302185694646651
980.0,9.304726638446123
981.0,9.30689655370553
982.0,9.309833688566219
983.0,9.312859820685143
984.0,9.316288481074034
985.0,9.319352612231219
986.0,9.321681970595119
987.0,9.323712463820018
988.0,9.325719159462993
989.0,9.328692769356557
990.0,9.330797502093786
991.0,9.332978085485944
992.0,9.33520509551444
993.0,9.337913732431165
994.0,9.340662536175325
995.0,9.344012977926498
996.0,9.347972462668782
997.0,9.351295006669
998.0,9.354689136675084
999.0,9.358025269300985
1000.0,9.361398009471941
1001.0,9.365174530983994
1002.0,9.368751286572317
1003.0,9.371585870617189
1004.0,9.373874948107291
1005.0,9.375877355396968
1006.0,9.378351857126786
1007.0,9.379995751904588
1008.0,9.380993226155397
1009.0,9.382007243661024
1010.0,9.382984477878583
1011.0,9.383313715205137
1012.0,9.384297223816727
1013.0,9.38547676214578
1014.0,9.38698619105038
1015.0,9.388312921580342
1016.0,9.38879261285879
1017.0,9.389343548765655
1018.0,9.389876704609877
1019.0,9.390267397741887
1020.0,9.390447756235217
1021.0,9.38964737390287
1022.0,9.389402464063929
1023.0,9.3899752463523
1024.0,9.390472335091248
1025.0,9.390785170902701
1026.0,9.391741224591824
1027.0,9.393312898444753
1028.0,9.394651151003844
1029.0,9.396608108770176
1030.0,9.399018998563932
1031.0,9.401639168502935
1032.0,9.403836525382241
1033.0,9.405548087983933
1034.0,9.407467910987432
1035.0,9.409303851023063
1036.0,9.411121159359896
1037.0,9.412375961894668
1038.0,9.413613959665499
1039.0,9.414696039448762
1040.0,9.416130486552651
1041.0,9.418102071869454
1042.0,9.420106143175385
1043.0,9.422401329364174
1044.0,9.424658509368395
1045.0,9.427227857005184
1046.0,9.429468659523073
1047.0,9.431632116277664
1048.0,9.433724059801287
1049.0,9.436088719302667
1050.0,9.43888147758356
1051.0,9.440996183002525
1052.0,9.44270956264824
1053.0,9.444179397631899
1054.0,9.44574454403523
1055.0,9.446958228331539
1056.0,9.447576657013522
1057.0,9.44824602053567
1058.0,9.44812133162287
1059.0,9.448513596982911
1060.0,9.448823750714268
1061.0,9.448863359229453
1062.0,9.449065791914498
1063.0,9.449056954644924
1064.0,9.44903773144762
1065.0,9.448754311631896
1066.0,9.447592613291867
1067.0,9.446223658436466
1068.0,9.444879098912942
1069.0,9.443925870138225
1070.0,9.442337001717496
1071.0,9.439823252149136
1072.0,9.438253924879216
1073.0,9.436179632726608
1074.0,9.433842189209575
1075.0,9.43194871250943
1076.0,9.43002599259573
1077.0,9.427733695929884
1078.0,9.426402776679387
1079.0,9.42484597732747
1080.0,9.422446606362255
1081.0,9.420467427221475
1082.0,9.418934389322521
1083.0,9.417051352007887
1084.0,9.414769394115067
1085.0,9.412149555055006
1086.0,9.409789632592616
1087.0,9.407112818709988
1088.0,9.40463138039084
1089.0,9.401200369035518
1090.0,9.39803753803369
1091.0,9.393858536980142
1092.0,9.390284488513466
1093.0,9.386823707000957
1094.0,9.38385297092729
1095.0,9.381490033102784
1096.0,9.378880034615932
1097.0,9.376966461917016
1098.0,9.375432419461562
1099.0,9.373922702221964
1100.0,9.372594009207551
1101.0,9.370916419605878
1102.0,9.369293557848708
1103.0,9.368048569119633
1104.0,9.36668669417323
1105.0,9.365397907176794
1106.0,9.363274573729614
1107.0,9.360860903645932
1108.0,9.358271041553353
1109.0,9.356063760169565
1110.0,9.35326095480889
1111.0,9.349789939195059
1112.0,9.345767588272585
1113.0,9.34197029876356
1114.0,9.33866473173977
1115.0,9.33554901991343
1116.0,9.332361346823674
1117.0,9.329190812412039
1118.0,9.325402049514665
1119.0,9.321811742156466
1120.0,9.318285472938186
1121.0,9.31452268628045
1122.0,9.310108642430796
1123.0,9.306340569532477
1124.0,9.302129115819527
1125.0,9.298396261468818
1126.0,9.294950762604389
1127.0,9.29109674442366
1128.0,9.287576150409157
1129.0,9.284782366275747
1130.0,9.281643736786776
1131.0,9.278472417217172
1132.0,9.274517601209746
1133.0,9.271299141020263
1134.0,9.268328966455279
1135.0,9.264999804455405
1136.0,9.26180330762943
1137.0,9.258896474080327
1138.0,9.255951144532961
1139.0,9.252450181326875
1140.0,9.249701478107571
1141.0,9.246707929604327
1142.0,9.243305107690322
1143.0,9.240616479187665
1144.0,9.238116867328092
1145.0,9.235464120461485
1146.0,9.232411197199873
1147.0,9.228930672688564
1148.0,9.226402951266516
1149.0,9.223431369913808
1150.0,9.220597470317047
1151.0,9.217664648155374
1152.0,9.214990909698697
1153.0,9.21243110967128
1154.0,9.209771364049518
1155.0,9.207396345613356
1156.0,9.205572228704867
1157.0,9.203958369249863
1158.0,9.201074527151848
1159.0,9.198234320310998
1160.0,9.195536174660061
1161.0,9.19315735476557
1162.0,9.190746792705168
1163.0,9.188280005384946
1164.0,9.184964255866813
1165.0,9.18190354656195
1166.0,9.17882204180746
1167.0,9.175483955347074
1168.0,9.171872290690313
1169.0,9.168059354123884
1170.0,9.164678175218752
1171.0,9.161154474362153
1172.0,9.157034066358774
1173.0,9.153310416797735
1174.0,9.149763995987568
1175.0,9.146289723406314
1176.0,9.143302999075367
1177.0,9.13944990777725
1178.0,9.135105183996977
1179.0,9.130430207519595
1180.0,9.125697586137628
1181.0,9.121233866295468
1182.0,9.116294637051958
1183.0,9.1109315485153
1184.0,9.105127201528315
1185.0,9.0993918345092
1186.0,9.093697952922579
1187.0,9.08808870510035
1188.0,9.082166744276787
1189.0,9.076171074382247
1190.0,9.070245614672956
1191.0,9.064106083968761
1192.0,9.057784815003396
1193.0,9.051135347471549
1194.0,9.044858273298107
1195.0,9.039237384261387
1196.0,9.033447150173439
1197.0,9.028176261992304
1198.0,9.023042086095028
1199.0,9.01805875216143
1200.0,9.01304393917657
1201.0,9.008703504180561
1202.0,9.00370820688739
1203.0,8.998375589693817
1204.0,8.992762549811498
1205.0,8.987789953526594
1206.0,8.982780445492528
1207.0,8.977599269030579
1208.0,8.972387012739533
1209.0,8.96749480248996
1210.0,8.962211984663677
1211.0,8.956129456982122
1212.0,8.949718183717373
1213.0,8.943431200793318
1214.0,8.937481467215758
1215.0,8.931552009813698
1216.0,8.925289241359604
1217.0,8.918575130584102
1218.0,8.912186941830669
1219.0,8.905725820451108
1220.0,8.89942701750555
1221.0,8.892680195428001
1222.0,8.886710829492838
1223.0,8.881094112597928
1224.0,8.876139924525695
1225.0,8.871757335096687
1226.0,8.867141737330408
1227.0,8.862560067254575
1228.0,8.857872808845311
1229.0,8.853667420042035
1230.0,8.85010991503001
1231.0,8.846853780752479
1232.0,8.842959384488154
1233.0,8.838717686242902
1234.0,8.835009243118387
1235.0,8.831318360909055
1236.0,8.828170839831552
1237.0,8.824672767340209
1238.0,8.821323908935016
1239.0,8.818420601966933
1240.0,8.815502011516962
1241.0,8.812260713108056
1242.0,8.808943505150486
1243.0,8.804781321632857
1244.0,8.800456838347843
1245.0,8.795436845138044
1246.0,8.790198948430564
1247.0,8.784469838499968
1248.0,8.779032974968446
1249.0,8.773509732955127
1250.0,8.76796598093939
1251.0,8.761705353400517
1252.0,8.75545654142704
1253.0,8.74965641941557
1254.0,8.743977219033116
1255.0,8.738403156749234
1256.0,8.732446615893961
1257.0,8.727403041949296
1258.0,8.722619314817969
1259.0,8.71796640153807
1260.0,8.713410403561795
1261.0,8.709809899286938
1262.0,8.70600218327155
1263.0,8.702024923723119
1264.0,8.697709066463919
1265.0,8.693695543145962
1266.0,8.690024092640627
1267.0,8.686690905686135
1268.0,8.6833650480476
1269.0,8.680263898276793
1270.0,8.676777044994585
1271.0,8.673380752750727
1272.0,8.66915436968923
1273.0,8.664904002086706
1274.0,8.660830783594601
1275.0,8.6561856898256
1276.0,8.651614913121902
1277.0,8.64685771460383
1278.0,8.6419291918705
1279.0,8.636841855439284
1280.0,8.630729847904675
1281.0,8.625860611754685
1282.0,8.621486588984823
1283.0,8.61703133305586
1284.0,8.61244356789532
1285.0,8.608167337360404
1286.0,8.604063155748209
1287.0,8.60061575865031
1288.0,8.597050159907736
1289.0,8.59381461859251
1290.0,8.59065080548676
1291.0,8.586748003821715
1292.0,8.582907590218534
1293.0,8.578612073906019
1294.0,8.5741591669768
1295.0,8.569657498993006
1296.0,8.565548692042029
1297.0,8.560806865019039
1298.0,8.55646107120304
1299.0,8.55190654928087
1300.0,8.547449517956347
1301.0,8.543936300793485
1302.0,8.539987873317964
1303.0,8.536374696760916
1304.0,8.533111994757581
1305.0,8.530270341408864
1306.0,8.527592851934271
1307.0,8.524974766072921
1308.0,8.5224812330733
1309.0,8.519867836592619
1310.0,8.5175837956702
1311.0,8.51491461457446
1312.0,8.5117476451869
1313.0,8.508854129018241
1314.0,8.506533793260884
1315.0,8.503939864333553
1316.0,8.501839713563433
1317.0,8.500595465309779
1318.0,8.500438503057543
1319.0,8.500368057594722
1320.0,8.499610156189899
1321.0,8.499282808806443
1322.0,8.498710536919253
1323.0,8.49879720488944
1324.0,8.498920024541428
1325.0,8.498394927562106
1326.0,8.497977391473421
1327.0,8.497751950600938
1328.0,8.49811856673574
1329.0,8.498624694880814
1330.0,8.499629032239188
1331.0,8.50007416404406
1332.0,8.500046740668965
1333.0,8.500453003860287
1334.0,8.50113694148161
1335.0,8.502162729362057
1336.0,8.5032248621639
1337.0,8.504662945017582
1338.0,8.505519412196216
1339.0,8.506490997485292
1340.0,8.50772093978841
1341.0,8.509516393621704
1342.0,8.511073450405847
1343.0,8.513216187131706
1344.0,8.515265078574645
1345.0,8.518495332591584
1346.0,8.52207469755399
1347.0,8.525919459678066
1348.0,8.528807706783162
1349.0,8.532403122747986
1350.0,8.535991006369892
1351.0,8.539491354064694
1352.0,8.542940189665774
1353.0,8.546244072555218
1354.0,8.550375126091632
1355.0,8.55428894169885
1356.0,8.558440891149266
1357.0,8.56253995689658
1358.0,8.566883156365517
1359.0,8.571134440212019
1360.0,8.574708389274985
1361.0,8.57824653512511
1362.0,8.58244107751068
1363.0,8.586304817177615
1364.0,8.58951455549452
1365.0,8.592196288400919
1366.0,8.594882393123108
1367.0,8.597397634962224
1368.0,8.600027633423927
1369.0,8.602440346562007
1370.0,8.604763130100746
1371.0,8.607645101037544
1372.0,8.610304047502728
1373.0,8.612876272465899
1374.0,8.61577773147973
1375.0,8.618179514032576
1376.0,8.620645003997062
1377.0,8.623581201115057
1378.0,8.626536555040186
1379.0,8.629093631301048
1380.0,8.631462526109551
1381.0,8.63421612348134
1382.0,8.636991926814433
1383.0,8.63955857350987
1384.0,8.642343989476116
1385.0,8.645330957704976
1386.0,8.648293217687579
1387.0,8.651110982311032
1388.0,8.653204819879294
1389.0,8.655403394879158
1390.0,8.656963715232655
1391.0,8.658390389315363
1392.0,8.660451324823192
1393.0,8.662380496092235
1394.0,8.66455837829472
1395.0,8.66707776332958
1396.0,8.669290181482696
1397.0,8.67237262627521
1398.0,8.674737033578724
1399.0,8.677656815557043
1400.0,8.680406331549447
1401.0,8.683027772472878
1402.0,8.684404500288755
1403.0,8.684883093913312
1404.0,8.685678452257282
1405.0,8.686207638208808
1406.0,8.686797591429183
1407.0,8.68751264592371
1408.0,8.689305611898085
1409.0,8.690703649507867
1410.0,8.692014290185593
1411.0,8.692737982789186
1412.0,8.69326372281209
1413.0,8.693873514168635
1414.0,8.695350134566596
1415.0,8.696084534794615
1416.0,8.696951824638607
1417.0,8.698355460510587
1418.0,8.700166729616985
1419.0,8.70211384456825
1420.0,8.703778851340907
1421.0,8.705553030333737
1422.0,8.707819474811906
1423.0,8.709720637671811
1424.0,8.712058734789185
1425.0,8.714666966661085
1426.0,8.717677191268642
1427.0,8.72091373409237
1428.0,8.724740805016244
1429.0,8.728791252464456
1430.0,8.732442882093212
1431.0,8.736094663094384
1432.0,8.740266933018896
1433.0,8.7444001226489
1434.0,8.748282393760439
1435.0,8.751963611649384
1436.0,8.754906356103154
1437.0,8.757354003170668
1438.0,8.760132703365313
1439.0,8.762864320023326
1440.0,8.7655710607515
1441.0,8.767994739277544
1442.0,8.77050464314991
1443.0,8.773114783689396
1444.0,8.775373759907309
1445.0,8.777813071771739
1446.0,8.780746795317071
1447.0,8.783148489589376
1448.0,8.785226200180988
1449.0,8.786945421876126
1450.0,8.78799226333212
1451.0,8.789705514325702
1452.0,8.792267123885246
1453.0,8.794368542171808
1454.0,8.795805154396769
1455.0,8.796402720411706
1456.0,8.797411606814261
1457.0,8.798278807939043
1458.0,8.798688768140444
1459.0,8.7987935412153
1460.0,8.799149182014686
1461.0,8.799969563269926
1462.0,8.800987870699615
1463.0,8.802259291030573
1464.0,8.803161230531694
1465.0,8.804469475774669
1466.0,8.806240370314173
1467.0,8.808181007957897
1468.0,8.810015631027337
1469.0,8.812200831178231
1470.0,8.814370116359868
1471.0,8.817209044414852
1472.0,8.819720011739795
1473.0,8.822106169786343
1474.0,8.824814733234922
1475.0,8.82761892105625
1476.0,8.830700406751678
1477.0,8.833521368633987
1478.0,8.83583644455127
1479.0,8.838436759813405
1480.0,8.84013632141754
1481.0,8.842030031353117
1482.0,8.843364648330834
1483.0,8.84522834011233
1484.0,8.846623230551728
1485.0,8.848541006119621
1486.0,8.85014378569264
1487.0,8.852798202831037
1488.0,8.85500428535374
1489.0,8.856574830613344
1490.0,8.858471494137174
1491.0,8.860506900027614
1492.0,8.862878914492653
1493.0,8.865472134755628
1494.0,8.868606999389609
1495.0,8.872141399251134
1496.0,8.875455435504286
1497.0,8.879698550556562
1498.0,8.88393082250655
1499.0,8.888579790599826
1500.0,8.893171047206897
1501.0,8.89796233048828
1502.0,8.902729793952663
1503.0,8.906809389450824
1504.0,8.911267235129317
1505.0,8.915411477866405
1506.0,8.919486871825233
1507.0,8.92379286666033
1508.0,8.928053054978303
1509.0,8.932445161412046
1510.0,8.936840462431299
1511.0,8.940799684218128
1512.0,8.944052093037195
1513.0,8.947901524404498
1514.0,8.95192707037544
1515.0,8.95539782293162
1516.0,8.958904309808604
1517.0,8.961950871383067
1518.0,8.965397873559136
1519.0,8.968497356747193
1520.0,8.971974585407725
1521.0,8.97584493504284
1522.0,8.979775550938523
1523.0,8.983389852188255
1524.0,8.986865391228276
1525.0,8.99109648662928
1526.0,8.99536230668952
1527.0,8.999615317556046
1528.0,9.003770483406575
1529.0,9.00808998991552
1530.0,9.013001227116282
1531.0,9.01789537869126
1532.0,9.022429590049759
1533.0,9.027953453034604
1534.0,9.033223844344091
1535.0,9.038588738050645
1536.0,9.043488196888864
1537.0,9.04771925044506
1538.0,9.051321060099369
1539.0,9.054969944517952
1540.0,9.05797942422958
1541.0,9.061071743491485
1542.0,9.06448118295322
1543.0,9.068010159909528
1544.0,9.071274773500713
1545.0,9.07397175272497
1546.0,9.077212308146251
1547.0,9.081073580216376
1548.0,9.08458952260671
1549.0,9.08807256511102
1550.0,9.09111921143949
1551.0,9.093545193453362
1552.0,9.096236180193694
1553.0,9.098281086775744
1554.0,9.099717899614348
1555.0,9.101364037123966
1556.0,9.103583414086028
1557.0,9.105732524989609
1558.0,9.10869116569345
1559.0,9.111261450154718
1560.0,9.112879840441968
1561.0,9.11511351497452
1562.0,9.117661198754243
1563.0,9.119599971544805
1564.0,9.120840895282736
1565.0,9.12241296620601
1566.0,9.123605163347069
1567.0,9.123286345469113
1568.0,9.121734069669753
1569.0,9.119998903442335
1570.0,9.118541597128877
1571.0,9.11666919378863
1572.0,9.114982415666333
1573.0,9.11312723539274
1574.0,9.111618122962875
1575.0,9.110278803224162
1576.0,9.10942746202616
1577.0,9.108600661768001
1578.0,9.107177354491741
1579.0,9.1054957036673
1580.0,9.10449311913167
1581.0,9.103573161499792
1582.0,9.10272952341046
1583.0,9.102113037406841
1584.0,9.101121004195791
1585.0,9.100232084338828
1586.0,9.099356897454973
1587.0,9.098242751856011
1588.0,9.097399358333425
1589.0,9.09767718530398
1590.0,9.09717062332739
1591.0,9.096461656477578
1592.0,9.09583066108449
1593.0,9.094655990333328
1594.0,9.093610993549936
1595.0,9.091492932263751
1596.0,9.089279109680193
1597.0,9.085996591101608
1598.0,9.08324262648338
1599.0,9.079671555445897
1600.0,9.075933213148502
1601.0,9.072686980049975
1602.0,9.06941499666101
1603.0,9.066621792249807
1604.0,9.063476417043699
1605.0,9.060333013613544
1606.0,9.057527958678847
1607.0,9.055038886155403
1608.0,9.053361109749337
1609.0,9.051220079149088
1610.0,9.049397223040238
1611.0,9.047801390853454
1612.0,9.045807121372214
1613.0,9.043933635097776
1614.0,9.04273344528912
1615.0,9.041855791470859
1616.0,9.041196470525657
1617.0,9.040873842408836
1618.0,9.04048907578512
1619.0,9.040286815999313
1620.0,9.039804455333876
1621.0,9.038994368854175
1622.0,9.03875092055801
1623.0,9.038271298230498
1624.0,9.037310104552404
1625.0,9.036200644024632
1626.0,9.035062483891599
1627.0,9.034038430118605
1628.0,9.032600892759838
1629.0,9.031251023505554
1630.0,9.030115769401096
1631.0,9.028549288211881
1632.0,9.026979577934211
1633.0,9.025050254292488
1634.0,9.022852623620869
1635.0,9.020660635072417
1636.0,9.01872212941124
1637.0,9.016777305001375
1638.0,9.015066520061497
1639.0,9.014013164698367
1640.0,9.013494857921398
1641.0,9.012941189195008
1642.0,9.012478587443844
1643.0,9.011724177764457
1644.0,9.010063534817284
1645.0,9.008306048850976
1646.0,9.006228264196992
1647.0,9.003515420886778
1648.0,9.002121111109163
1649.0,9.000839902050794
1650.0,9.00009949768623
1651.0,8.999689448831566
1652.0,8.999765051349295
1653.0,9.000453701795287
1654.0,9.001227713087653
1655.0,9.00165098724856
1656.0,9.001770072545673
1657.0,9.001948156261637
1658.0,9.002000198419644
1659.0,9.00180554277288
1660.0,9.002017876831113
1661.0,9.002727142218017
1662.0,9.003101667145895
1663.0,9.003338480111076
1664.0,9.00300716890628
1665.0,9.002533788305383
1666.0,9.002485651917244
1667.0,9.002159966784339
1668.0,9.001695918225012
1669.0,9.000818396073527
1670.0,8.999522328011603
1671.0,8.99816480401564
1672.0,8.996928541404523
1673.0,8.994858824314692
1674.0,8.991425454100547
1675.0,8.988648900470745
1676.0,8.985217616795893
1677.0,8.981948211349792
1678.0,8.978365617030317
1679.0,8.974557345701749
1680.0,8.970966293331298
1681.0,8.96673394209287
1682.0,8.962552904196071
1683.0,8.957924276999988
1684.0,8.953367718704316
1685.0,8.948563930656462
1686.0,8.944274689101881
1687.0,8.940385545529612
1688.0,8.93676182552084
1689.0,8.933504731290038
1690.0,8.93090531469758
1691.0,8.928640399534915
1692.0,8.925989721941862
1693.0,8.923399887545532
1694.0,8.921338603790408
1695.0,8.918782368672913
1696.0,8.916170189773217
1697.0,8.913430335864158
1698.0,8.911348829410635
1699.0,8.909318749769403
1700.0,8.907988169315361
1701.0,8.905920877514362
1702.0,8.903216728872255
1703.0,8.901112498494482
1704.0,8.899853408117274
1705.0,8.89920480404405
1706.0,8.898184713024301
1707.0,8.896709486307882
1708.0,8.895174406828485
1709.0,8.893742384881776
1710.0,8.89200894652439
1711.0,8.89102843159312
1712.0,8.889952576593505
1713.0,8.888403689440803
1714.0,8.88583111857676
1715.0,8.883638565930873
1716.0,8.881819468861744
1717.0,8.880166102273705
1718.0,8.878603682515829
1719.0,8.8764369419414
1720.0,8.873631178866207
1721.0,8.870746366221416
1722.0,8.867586997557249
1723.0,8.864615424302782
1724.0,8.861160701104714
1725.0,8.85767036172228
1726.0,8.853887293557117
1727.0,8.850325279574543
1728.0,8.847285537118688
1729.0,8.844084694645193
1730.0,8.841033500645546
1731.0,8.838044484750178
1732.0,8.835157361744072
1733.0,8.832444298693291
1734.0,8.829801760919707
1735.0,8.826750105312659
1736.0,8.82331754428663
1737.0,8.81944175223952
1738.0,8.815942651313902
1739.0,8.812117820901282
1740.0,8.808321995018526
1741.0,8.805319796690803
1742.0,8.801713608482792
1743.0,8.797692205850913
1744.0,8.793716561588392
1745.0,8.78992214547881
1746.0,8.785968024428536
1747.0,8.782129267134193
1748.0,8.778217618816628
1749.0,8.773855244423386
1750.0,8.769877794512393
1751.0,8.76643811985607
1752.0,8.762751523508532
1753.0,8.75930751060639
1754.0,8.755211884214907
1755.0,8.751176167292163
1756.0,8.7474014181842
1757.0,8.743572448318124
1758.0,8.739688703715016
1759.0,8.73603725331458
1760.0,8.732296751758424
1761.0,8.728222299162727
1762.0,8.724907529422621
1763.0,8.720613994886374
1764.0,8.716335933509335
1765.0,8.712909533626753
1766.0,8.710055683735252
1767.0,8.70684609273965
1768.0,8.702977398834514
1769.0,8.698984215832956
1770.0,8.694907602541145
1771.0,8.690991257006052
1772.0,8.687326406497466
1773.0,8.684020626519933
1774.0,8.680308614012818
1775.0,8.676883682357829
1776.0,8.673323556463167
1777.0,8.669666096116426
1778.0,8.666266891458429
1779.0,8.663001950269434
1780.0,8.659999043171128
1781.0,8.65593686179461
1782.0,8.651479401918092
1783.0,8.647006454619426
1784.0,8.643054767396542
1785.0,8.638613988326544
1786.0,8.6341070453686
1787.0,8.630095111713263
1788.0,8.62682430941538
1789.0,8.623213668809823
1790.0,8.620659194704423
1791.0,8.618560694997488
1792.0,8.615436021767424
1793.0,8.612938424964955
1794.0,8.610427940691919
1795.0,8.60795748378022
1796.0,8.605037143894934
1797.0,8.60285121735904
1798.0,8.60036419297863
1799.0,8.597687206993001
1800.0,8.59541531683241
1801.0,8.593272081598547
1802.0,8.591271155164328
1803.0,8.58985311074398
1804.0,8.589031666156226
1805.0,8.588229615384902
1806.0,8.58682415541881
1807.0,8.584962617883392
1808.0,8.581993851220991
1809.0,8.579864898430161
1810.0,8.578461222428974
1811.0,8.576982925710007
1812.0,8.575542836320778
1813.0,8.574883006638906
1814.0,8.574236684901072
1815.0,8.573225834311799
1816.0,8.57274884844391
1817.0,8.573341200636204
1818.0,8.573810463876468
1819.0,8.574240712927718
1820.0,8.574668369123627
1821.0,8.575070339047015
1822.0,8.575595761902193
1823.0,8.576298959437528
1824.0,8.576629104336979
1825.0,8.576643344480873
1826.0,8.576439201571922
1827.0,8.576234023744972
1828.0,8.576196140164035
1829.0,8.575830406100867
1830.0,8.57412459642099
1831.0,8.573016760676834
1832.0,8.57198451806879
1833.0,8.57117168945346
1834.0,8.570194604309082
1835.0,8.569513441483924
1836.0,8.568827734863639
1837.0,8.5674576064151
1838.0,8.566049593201468
1839.0,8.563965244543557
1840.0,8.56197961858967
1841.0,8.56031390049772
1842.0,8.558810798496602
1843.0,8.557735742201356
1844.0,8.556752259152235
1845.0,8.555445411761513
1846.0,8.55448238080962
1847.0,8.55429620998874
1848.0,8.553597973585699
1849.0,8.553862954126673
1850.0,8.554116099207672
1851.0,8.554244356466118
1852.0,8.554426672677659
1853.0,8.554377674454727
1854.0,8.55470453851067
1855.0,8.554847444691971
1856.0,8.554984375054767
1857.0,8.554505292784796
1858.0,8.553533761402312
1859.0,8.552859307286194
1860.0,8.552477100126527
1861.0,8.551368690780082
1862.0,8.549522923381735
1863.0,8.548345478978627
1864.0,8.547018050203874
1865.0,8.54588722031556
1866.0,8.54489762086967
1867.0,8.543861474786405
1868.0,8.542992245235348
1869.0,8.542575353780837
1870.0,8.542091350928647
1871.0,8.541841881907903
1872.0,8.541304292912534
1873.0,8.541048947043736
1874.0,8.540854046511622
1875.0,8.541258704305823
1876.0,8.541569615457755
1877.0,8.541520042196352
1878.0,8.54170439091029
1879.0,8.541855357413787
1880.0,8.541444161537754
1881.0,8.541085589669557
1882.0,8.540745596011101
1883.0,8.540639160744837
1884.0,8.540664100479393
1885.0,8.540866895389057
1886.0,8.541175334870273
1887.0,8.541427267297726
1888.0,8.542505900753985
1889.0,8.543200361146381
1890.0,8.543269304392902
1891.0,8.54296044365187
1892.0,8.542579771067595
1893.0,8.542459116061018
1894.0,8.542747888560234
1895.0,8.542423766411682
1896.0,8.543013444888528
1897.0,8.543553962455315
1898.0,8.543289311262209
1899.0,8.542475831353089
1900.0,8.541297509153575
1901.0,8.54013743981706
1902.0,8.539188828861514
1903.0,8.538140265189156
1904.0,8.536619347006594
1905.0,8.535866328715203
1906.0,8.534605394663032
1907.0,8.533226308008317
1908.0,8.532198938630835
1909.0,8.531527829594943
1910.0,8.530157543147329
1911.0,8.52788277572577
1912.0,8.526209786651053
1913.0,8.524720953442015
1914.0,8.523906531623611
1915.0,8.52335220560267
1916.0,8.522499463332462
1917.0,8.521194913985747
1918.0,8.519814691648824
1919.0,8.51881884477317
1920.0,8.518259540389217
1921.0,8.517925980558884
1922.0,8.517304674153937
1923.0,8.517745393896432
1924.0,8.518944222880856
1925.0,8.519409312706273
1926.0,8.520220274846677
1927.0,8.521199311117883
1928.0,8.522065503777256
1929.0,8.522692905040678
1930.0,8.524078749804978
1931.0,8.52580381855699
1932.0,8.52794133699141
1933.0,8.530029444063647
1934.0,8.53210368985539
1935.0,8.534393821032165
1936.0,8.536010904570317
1937.0,8.537331982094267
1938.0,8.538290290931927
1939.0,8.539306089449484
1940.0,8.540004863610319
1941.0,8.540829519050222
1942.0,8.542400613926509
1943.0,8.543412732284224
1944.0,8.544270663263728
1945.0,8.545702384084565
1946.0,8.546779330706764
1947.0,8.54792673087829
1948.0,8.548882293511534
1949.0,8.55006531811248
1950.0,8.551078226843993
1951.0,8.552180704728123
1952.0,8.553179448312633
1953.0,8.554125625359047
1954.0,8.554571489981067
1955.0,8.554861681014124
1956.0,8.555450188694913
1957.0,8.556124631498687
1958.0,8.55678553242103
1959.0,8.557695055576033
1960.0,8.558386858494035
1961.0,8.558478238033013
1962.0,8.558658007244814
1963.0,8.558591769158626
1964.0,8.559707321842627
1965.0,8.560319540591482
1966.0,8.561050223241942
1967.0,8.561153970945222
1968.0,8.56133883783934
1969.0,8.561968618106977
1970.0,8.563139146752258
1971.0,8.564341273819208
1972.0,8.565752032451108
1973.0,8.566561906642473
1974.0,8.567342105543714
1975.0,8.56794674382133
1976.0,8.569301680164084
1977.0,8.570841963657813
1978.0,8.571992328053845
1979.0,8.572985229614142
1980.0,8.574280568161662
1981.0,8.575714071694115
1982.0,8.57797797452022
1983.0,8.579785505490797
1984.0,8.581815255953908
1985.0,8.583993127516566
1986.0,8.58632084910221
1987.0,8.589211949421124
1988.0,8.5922048616999
1989.0,8.595100329618376
1990.0,8.597847672064992
1991.0,8.59997677395728
1992.0,8.602195111422025
1993.0,8.604832505402538
1994.0,8.607279789203265
1995.0,8.609542257411821
1996.0,8.611924649105038
1997.0,8.614042728020648
1998.0,8.616284665493803
1999.0,8.618307469168023
2000.0,8.619551366621385
2001.0,8.620735904441174
2002.0,8.622199954945987
2003.0,8.624204683904466
2004.0,8.626312555103755
2005.0,8.628721899340427
2006.0,8.63146016352513
2007.0,8.63336399761497
2008.0,8.635374637815286
2009.0,8.637458292991886
2010.0,8.639056804944769
2011.0,8.64175444057663
2012.0,8.643667235892881
2013.0,8.646108206732517
2014.0,8.648479341887048
2015.0,8.650887555439157
2016.0,8.65295917840711
2017.0,8.65569995101119
2018.0,8.658719759070733
2019.0,8.662415948123412
2020.0,8.666393302516095
2021.0,8.670036097278379
2022.0,8.673070981810518
2023.0,8.675890486617382
2024.0,8.679429468008356
2025.0,8.682547371539137
2026.0,8.685362975773247
2027.0,8.68836622295491
2028.0,8.691121672318712
2029.0,8.693820421511882
2030.0,8.69630384976705
2031.0,8.69974937547778
2032.0,8.703833082066275
2033.0,8.707686171012902
2034.0,8.71153571261365
2035.0,8.715741257806565
2036.0,8.720795118316282
2037.0,8.725986923624985
2038.0,8.730898678848272
2039.0,8.73600257525736
2040.0,8.740674806621216
2041.0,8.745391974385297
2042.0,8.75117021668756
2043.0,8.756266549118976
2044.0,8.76175981309014
2045.0,8.767498223409076
2046.0,8.773550580287973
2047.0,8.778457286121055
2048.0,8.7828756096919
2049.0,8.787477418584983
2050.0,8.79198566362027
2051.0,8.796821598378228
2052.0,8.801658143230998
2053.0,8.80606944683327
2054.0,8.810542166265336
2055.0,8.814859886291135
2056.0,8.818885470473047
2057.0,8.822743091421776
2058.0,8.826977991730201
2059.0,8.830859641314758
2060.0,8.834433940331666
2061.0,8.837441012343739
2062.0,8.840231945708128
2063.0,8.842822445393601
2064.0,8.845018124109854
2065.0,8.847882170103304
2066.0,8.85055260382688
2067.0,8.853267301484381
2068.0,8.856044501926625
2069.0,8.859325587779054
2070.0,8.862629192621954
2071.0,8.866378275815622
2072.0,8.86996396998925
2073.0,8.87309982231314
2074.0,8.876322539799558
2075.0,8.880140426985639
2076.0,8.884157878835682
2077.0,8.887858048480062
2078.0,8.891247483945087
2079.0,8.89496557255689
2080.0,8.89941474494065
2081.0,8.903065607603402
2082.0,8.90606710825234
2083.0,8.908448763922516
2084.0,8.91091379514
2085.0,8.91297013302522
2086.0,8.91500005149765
2087.0,8.917593722663407
2088.0,8.919992396574074
2089.0,8.922997840017114
2090.0,8.925894181712888
2091.0,8.928690301531562
2092.0,8.9312019837378
2093.0,8.933745575750336
2094.0,8.935899746087104
2095.0,8.938499140424783
2096.0,8.940814731903057
2097.0,8.943122172889115
2098.0,8.945856143702503
2099.0,8.94805334135054
2100.0,8.950740191334598
2101.0,8.953001949644309
2102.0,8.95539274022102
2103.0,8.957693542450574
2104.0,8.959264022835363
2105.0,8.96100977138403
2106.0,8.962886724301807
2107.0,8.965000219865734
2108.0,8.966118526283093
2109.0,8.96716880844387
2110.0,8.9688767863429
2111.0,8.971145174787088
2112.0,8.973943766602735
2113.0,8.976037346859593
2114.0,8.97800599384584
2115.0,8.980368302026486
2116.0,8.98182598706446
2117.0,8.983246034032144
2118.0,8.98462351976018
2119.0,8.985615625870858
2120.0,8.986831939934543
2121.0,8.988117245227503
2122.0,8.99001037502303
2123.0,8.991358772510663
2124.0,8.992615275136039
2125.0,8.993334956959568
2126.0,8.994573451910988
2127.0,8.996222107174441
2128.0,8.997715035837789
2129.0,8.999204947222267
2130.0,9.000935734228259
2131.0,9.003041933705127
2132.0,9.005647459195835
2133.0,9.007928634845454
2134.0,9.010671235264882
2135.0,9.012832844213587
2136.0,9.014578538340125
2137.0,9.017055642223308
2138.0,9.018984187820825
2139.0,9.020457568456267
2140.0,9.022301801413146
2141.0,9.024572320329183
2142.0,9.026987970248257
2143.0,9.029239182317431
2144.0,9.031489512136034
2145.0,9.03428919957849
2146.0,9.03617876759084
2147.0,9.038185917575937
2148.0,9.040564260387344
2149.0,9.04371912430272
2150.0,9.046275720845554
2151.0,9.04905647309975
2152.0,9.051777384435628
2153.0,9.05405097733115
2154.0,9.05653356762665
2155.0,9.058833753172612
2156.0,9.061795916198776
2157.0,9.064766857820194
2158.0,9.06702879403848
2159.0,9.06948572379858
2160.0,9.071908952026064
2161.0,9.074970197894272
2162.0,9.07829219282951
2163.0,9.08178193368764
2164.0,9.085173641213897
2165.0,9.088825165096004
2166.0,9.092657959552055
2167.0,9.0966885492901
2168.0,9.100704048387547
2169.0,9.104379354665054
2170.0,9.108456722584654
2171.0,9.112015161969602
2172.0,9.115474158710775
2173.0,9.11823148658758
2174.0,9.120696110945634
2175.0,9.123643690177241
2176.0,9.126501670388826
2177.0,9.129875150064809
2178.0,9.133092359815997
2179.0,9.137316657542652
2180.0,9.140469723604218
2181.0,9.143713625236375
2182.0,9.145732265748267
2183.0,9.149030869923065
2184.0,9.152340531018673
2185.0,9.155600616687039
2186.0,9.159400454645613
2187.0,9.162792077851105
2188.0,9.166547912488566
2189.0,9.170085410838213
2190.0,9.1726324507547
2191.0,9.17502978368614
2192.0,9.177129972815903
2193.0,9.17988854404316
2194.0,9.182282541856114
2195.0,9.184449782099023
2196.0,9.185971388198583
2197.0,9.187208485165842
2198.0,9.18764408057143
2199.0,9.188034961255648
2200.0,9.18831619134454
2201.0,9.188290332416575
2202.0,9.188526592913364
2203.0,9.189088261673074
2204.0,9.189801367716301
2205.0,9.190622480317773
2206.0,9.191306471526216
2207.0,9.192716354556714
2208.0,9.194436762800603
2209.0,9.195685398394122
2210.0,9.196969605745839
2211.0,9.198976897435706
2212.0,9.200984679228158
2213.0,9.20307920451981
2214.0,9.204856567820151
2215.0,9.206794440386382
2216.0,9.208515471759814
2217.0,9.210583669667333
2218.0,9.212773266856164
2219.0,9.214429446381788
2220.0,9.21577666774881
2221.0,9.216376495940802
2222.0,9.217289181559805
2223.0,9.218779256965071
2224.0,9.220689902756567
2225.0,9.221970456141097
2226.0,9.222913347719647
2227.0,9.223865432159704
2228.0,9.224996669896822
2229.0,9.226669890460562
2230.0,9.227832840796331
2231.0,9.22869741320864
2232.0,9.228965991844523
2233.0,9.229099518869223
2234.0,9.229554774295543
2235.0,9.23012177254673
2236.0,9.230864636053933
2237.0,9.230766842974049
2238.0,9.230134688229517
2239.0,9.22967234660549
2240.0,9.229601612789665
2241.0,9.229467130944679
2242.0,9.229597738947158
2243.0,9.22966557930872
2244.0,9.229564817984537
2245.0,9.229344954431658
2246.0,9.229022057592871
2247.0,9.228792677972647
2248.0,9.228909986912575
2249.0,9.229117896058652
2250.0,9.229827187520527
2251.0,9.230900885918055
2252.0,9.230869606057642
2253.0,9.230156620990005
2254.0,9.229162949336462
2255.0,9.228455147840181
2256.0,9.227637726551524
2257.0,9.227174886097487
2258.0,9.226974198441596
2259.0,9.226011176480412
2260.0,9.225693799736021
2261.0,9.224812015507487
2262.0,9.224286419815623
2263.0,9.223265299422623
2264.0,9.222312120529079
2265.0,9.221384673671988
2266.0,9.21986968811237
2267.0,9.218309768155837
2268.0,9.217061618533423
2269.0,9.215788400301763
2270.0,9.214105220132971
2271.0,9.212489171862941
2272.0,9.211736065477549
2273.0,9.210792432286917
2274.0,9.209332516079352
2275.0,9.207516893147659
2276.0,9.205668338823704
2277.0,9.203443099506954
2278.0,9.201931469382977
2279.0,9.20072237031139
2280.0,9.199271274747536
2281.0,9.19755995767488
2282.0,9.195465545170594
2283.0,9.193101522217276
2284.0,9.190024077517718
2285.0,9.186034601906021
2286.0,9.180900522507809
2287.0,9.175788152739448
2288.0,9.170266405457003
2289.0,9.164191359279437
2290.0,9.158451947472308
2291.0,9.152848917623524
2292.0,9.146970550050536
2293.0,9.141726338585094
2294.0,9.136588467100394
2295.0,9.131392763115825
2296.0,9.125757848134999
2297.0,9.120357466443682
2298.0,9.11598658554427
2299.0,9.111756953946664
2300.0,9.106550237152216
2301.0,9.10132842416835
2302.0,9.095660081787457
2303.0,9.090226909949564
2304.0,9.084910060763447
2305.0,9.079663495800379
2306.0,9.075300116835962
2307.0,9.071047116346714
2308.0,9.06646829775693
2309.0,9.061785430060606
2310.0,9.05754314776779
2311.0,9.053992271973911
2312.0,9.049749802547748
2313.0,9.045504282733658
2314.0,9.041541000533238
2315.0,9.03747549540207
2316.0,9.033397262309999
2317.0,9.029143234679815
2318.0,9.024764660344934
2319.0,9.020610337163944
2320.0,9.016279046271325
2321.0,9.011786942455467
2322.0,9.00636554685368
2323.0,9.00068437569067
2324.0,8.994852962001215
2325.0,8.98843572817076
2326.0,8.981455977246002
2327.0,8.974957153919263
2328.0,8.968176477789223
2329.0,8.96105407188518
2330.0,8.953783869618665
2331.0,8.946612003825521
2332.0,8.939601058223964
2333.0,8.93296431708836
2334.0,8.926302424463072
2335.0,8.919683824648445
2336.0,8.913206344150826
2337.0,8.907171747779378
2338.0,8.901128409832275
2339.0,8.894578665791853
2340.0,8.888271936821257
2341.0,8.882204205965182
2342.0,8.876728140363005
2343.0,8.871150092255817
2344.0,8.865973785424984
2345.0,8.86092085086948
2346.0,8.85546586506152
2347.0,8.850173801825031
2348.0,8.845285978039698
2349.0,8.84052299669736
2350.0,8.834973077829144
2351.0,8.829542284887719
2352.0,8.824163766443595
2353.0,8.81896347767393
2354.0,8.813753603995638
2355.0,8.80900694749562
2356.0,8.804039405727615
2357.0,8.799211888230323
2358.0,8.795530870416737
2359.0,8.791725256089146
2360.0,8.78754536193242
2361.0,8.783544429431846
2362.0,8.779926002147372
2363.0,8.77697211664477
2364.0,8.774097187727678
2365.0,8.771012140398122
2366.0,8.768189621011404
2367.0,8.765117321859755
2368.0,8.762145887866192
2369.0,8.759339129127406
2370.0,8.756458699622792
2371.0,8.753580748812333
2372.0,8.750773464195044
2373.0,8.7478074905537
2374.0,8.744523083617539
2375.0,8.741473049843732
2376.0,8.7374087060365
2377.0,8.733513005777766
2378.0,8.729097912703999
2379.0,8.724305689502714
2380.0,8.719673265386751
2381.0,8.714972469208895
2382.0,8.710500408988153
2383.0,8.706161935474082
2384.0,8.701290617787622
2385.0,8.69684456410722
2386.0,8.692629164950342
2387.0,8.687734516495185
2388.0,8.68318096972504
2389.0,8.679351529057561
2390.0,8.675455609345855
2391.0,8.671363059908979
2392.0,8.666791588991702
2393.0,8.661962131878447
2394.0,8.65751926816135
2395.0,8.653230334996266
2396.0,8.648983017610544
2397.0,8.644816695130867
2398.0,8.640270820658007
2399.0,8.63575732810092
2400.0,8.631678372456898
2401.0,8.627661597732653
2402.0,8.623956745213501
2403.0,8.620905120333232
2404.0,8.618169102931441
2405.0,8.615322374584316
2406.0,8.612140543408417
2407.0,8.609038351839102
2408.0,8.606048304104712
2409.0,8.603415558976842
2410.0,8.600825914861767
2411.0,8.598321446552697
2412.0,8.594906176970655
2413.0,8.591432560199932
2414.0,8.587828827869375
2415.0,8.583741995187319
2416.0,8.579158013596462
2417.0,8.57442727281867
2418.0,8.569890590583986
2419.0,8.565899481025031
2420.0,8.561016205264135
2421.0,8.555988010696588
2422.0,8.551293680366866
2423.0,8.547673809073364
2424.0,8.544671459302362
2425.0,8.540862433098033
2426.0,8.536713715818914
2427.0,8.532139300207607
2428.0,8.527897154562558
2429.0,8.522798181549774
2430.0,8.518083837728481
2431.0,8.513260604987249
2432.0,8.508972803339859
2433.0,8.504326523117818
2434.0,8.500341233262844
2435.0,8.496655881246177
2436.0,8.493215782054484
2437.0,8.489980746389943
2438.0,8.48677334615549
2439.0,8.48387914127649
2440.0,8.481678362451838
2441.0,8.47947824327813
2442.0,8.477358337338755
2443.0,8.475415941896452
2444.0,8.473627150344415
2445.0,8.471850749798541
2446.0,8.470765682228484
2447.0,8.470037626821462
2448.0,8.469597055923915
2449.0,8.468951074472258
2450.0,8.468790174520416
2451.0,8.469264686104854
2452.0,8.469941822762957
2453.0,8.469964484584926
2454.0,8.469691938864838
2455.0,8.469370798009663
2456.0,8.468665351368664
2457.0,8.467796513479449
2458.0,8.466790640851913
2459.0,8.465757028341143
2460.0,8.464823977330479
2461.0,8.463513111296555
2462.0,8.462075777435956
2463.0,8.461304274596202
2464.0,8.460154438478515
2465.0,8.459035641264048
2466.0,8.457751505483557
2467.0,8.456562351720743
2468.0,8.455621176324213
2469.0,8.455073772945328
2470.0,8.454303376481782
2471.0,8.454593019373187
2472.0,8.454769453592142
2473.0,8.454855279776243
2474.0,8.453663616450429
2475.0,8.453159346686787
2476.0,8.452581754902129
2477.0,8.451064603565879
2478.0,8.45005854380185
2479.0,8.448500829683542
2480.0,8.447678570589577
2481.0,8.446926770160813
2482.0,8.446731979291302
2483.0,8.446812936717645
2484.0,8.446998704190419
2485.0,8.446827653900211
2486.0,8.446694586388176
2487.0,8.446478558048561
2488.0,8.446705259009175
2489.0,8.447247524258115
2490.0,8.447752708779632
2491.0,8.448128483894353
2492.0,8.448537229393803
2493.0,8.449429434122264
2494.0,8.450451795894946
2495.0,8.451634612044735
2496.0,8.452488256635359
2497.0,8.453379808452404
2498.0,8.453361258296566
2499.0,8.453335500813052
2500.0,8.453388985539304
2501.0,8.452414802611235
2502.0,8.45258411409992
2503.0,8.453084465635522
2504.0,8.453613074404391
2505.0,8.453661574966215
2506.0,8.453785378927783
2507.0,8.45434713031762
2508.0,8.454508109304008
2509.0,8.454529002368341
2510.0,8.454819953795766
2511.0,8.45482108048048
2512.0,8.455010527834089
2513.0,8.45510220362558
2514.0,8.455122008029214
2515.0,8.454711775686988
2516.0,8.454652912803729
2517.0,8.454647367080149
2518.0,8.454287965901084
2519.0,8.453952735748494
2520.0,8.454074901997862
2521.0,8.453991635783849
2522.0,8.453711152319588
2523.0,8.45369658903092
2524.0,8.453870383070548
2525.0,8.453680854286777
2526.0,8.453559986340478
2527.0,8.454080441451824
2528.0,8.454205266935508
2529.0,8.453956312364513
2530.0,8.45425017137591
2531.0,8.454069346380209
2532.0,8.454187563500577
2533.0,8.454558647651117
2534.0,8.455121499493355
2535.0,8.45554019235384
2536.0,8.456575432990004
2537.0,8.457041121534925
2538.0,8.457476809670574
2539.0,8.45811332297104
2540.0,8.458023189707008
2541.0,8.458126728045645
2542.0,8.45850479688126
2543.0,8.45809694118335
2544.0,8.456982228465987
2545.0,8.456070381818478
2546.0,8.455499744083179
2547.0,8.45506035789065
2548.0,8.454961905441815
2549.0,8.45560534561593
2550.0,8.456657258845961
2551.0,8.45763872309106
2552.0,8.459005946102202
2553.0,8.460385898030681
2554.0,8.46199916322408
2555.0,8.463261602316955
2556.0,8.463822026942164
2557.0,8.464644917782518
2558.0,8.466297810586644
2559.0,8.467549839204263
2560.0,8.468196821391928
2561.0,8.468279361060878
2562.0,8.469294820755323
2563.0,8.469536514578262
2564.0,8.469877321594023
2565.0,8.47054550718705
2566.0,8.471302502369426
2567.0,8.47171270221655
2568.0,8.47252012482474
2569.0,8.472722864495742
2570.0,8.47377900113492
2571.0,8.475035318066066
2572.0,8.477312788770734
2573.0,8.479855004480227
2574.0,8.481847461750943
2575.0,8.483737246597173
2576.0,8.486048184412391
2577.0,8.4881895690409
2578.0,8.490571740472209
2579.0,8.493066916531909
2580.0,8.49589737146717
2581.0,8.499093725038728
2582.0,8.503125186279384
2583.0,8.506935931594821
2584.0,8.510206413092455
2585.0,8.513397193864567
2586.0,8.515851424781667
2587.0,8.518146827540834
2588.0,8.52055415590361
2589.0,8.523706841964822
2590.0,8.526029760622135
2591.0,8.528176428333886
2592.0,8.529520916030757
2593.0,8.530791293559721
2594.0,8.531860690859537
2595.0,8.533036779905322
2596.0,8.534193610869853
2597.0,8.534662429358296
2598.0,8.53453528316891
2599.0,8.53397508031849
2600.0,8.533694572612797
2601.0,8.534050234339775
2602.0,8.534555643087565
2603.0,8.535147400860067
2604.0,8.535921344635293
2605.0,8.536274224589377
2606.0,8.536995948943183
2607.0,8.538316918336347
2608.0,8.539092477536869
2609.0,8.540095987143332
2610.0,8.541234079296203
2611.0,8.541572399344695
2612.0,8.54191465434714
2613.0,8.541983801681548
2614.0,8.542231356035625
2615.0,8.541943067439387
2616.0,8.541568432915192
2617.0,8.541081522400981
2618.0,8.541009441087684
2619.0,8.5409456113865
2620.0,8.54102979516788
2621.0,8.540464590273713
2622.0,8.53980463824097
2623.0,8.539485633798716
2624.0,8.539700202389167
2625.0,8.539898471486014
2626.0,8.540566068687623
2627.0,8.540538466206629
2628.0,8.541099052101716
2629.0,8.542169015697139
2630.0,8.542861827714233
2631.0,8.54348973630598
2632.0,8.543261193780838
2633.0,8.543275783661347
2634.0,8.54330124811371
2635.0,8.5437835184269
2636.0,8.544549738289808
2637.0,8.544869128736885
2638.0,8.544501847114274
2639.0,8.544418602309516
2640.0,8.544908239607684
2641.0,8.545815814775697
2642.0,8.546640674709913
2643.0,8.548115339961592
2644.0,8.54972869544905
2645.0,8.551488683529906
2646.0,8.554109847704893
2647.0,8.55680497172107
2648.0,8.559222790411548
2649.0,8.56148411141359
2650.0,8.564173349802735
2651.0,8.566431007787017
2652.0,8.568474825477502
2653.0,8.570559340107856
2654.0,8.57259588047804
2655.0,8.57457133841763
2656.0,8.576425172578684
2657.0,8.578188507271102
2658.0,8.58028877747031
2659.0,8.582149365150864
2660.0,8.584087494201688
2661.0,8.585739135200736
2662.0,8.587238100901196
2663.0,8.5883746953675
2664.0,8.59013397967108
2665.0,8.592203181100642
2666.0,8.594113808641536
2667.0,8.59594979638231
2668.0,8.597987398268558
2669.0,8.599604259131045
2670.0,8.601889945573154
2671.0,8.603847810500628
2672.0,8.605933098976921
2673.0,8.607138246090217
2674.0,8.607743536344884
2675.0,8.608837298509497
2676.0,8.610241743260957
2677.0,8.61075502502447
2678.0,8.611382871099106
2679.0,8.612203896941951
2680.0,8.612922158633467
2681.0,8.61371262285202
2682.0,8.614304891751992
2683.0,8.614349411992599
2684.0,8.613780036436928
2685.0,8.612878349325596
2686.0,8.612498849949553
2687.0,8.612465347696837
2688.0,8.612656192611121
2689.0,8.612793344321473
2690.0,8.612677555958031
2691.0,8.61261784371776
2692.0,8.612497823658792
2693.0,8.612223932062141
2694.0,8.612006259901358
2695.0,8.611861007466903
2696.0,8.611298527032899
2697.0,8.610296192385272
2698.0,8.609836657565479
2699.0,8.608875315529946
2700.0,8.607049705289537
2701.0,8.60480835246774
2702.0,8.60237962307852
2703.0,8.599456412563118
2704.0,8.59716814365564
2705.0,8.594610346518825
2706.0,8.592088246646012
2707.0,8.58954793035602
2708.0,8.586552411795154
2709.0,8.583526037033225
2710.0,8.580550919036735
2711.0,8.57685310460157
2712.0,8.573637636401433
2713.0,8.570369605386674
2714.0,8.567479903602232
2715.0,8.563874161402797
2716.0,8.560653937610805
2717.0,8.557486695805645
2718.0,8.553459370506095
2719.0,8.549606007300682
2720.0,8.546066423228213
2721.0,8.542114972407576
2722.0,8.537846561018878
2723.0,8.533592669243978
2724.0,8.529921348260634
2725.0,8.525626007365787
2726.0,8.521832024590394
2727.0,8.518591255481223
2728.0,8.514833981230622
2729.0,8.511255727401103
2730.0,8.507750980958468
2731.0,8.503879400126763
2732.0,8.499543113934957
2733.0,8.494996894351367
2734.0,8.489646883376286
2735.0,8.485213874513567
2736.0,8.480470199827694
2737.0,8.475772530066306
2738.0,8.470876484434942
2739.0,8.46604373547021
2740.0,8.460523086427882
2741.0,8.455234978458995
2742.0,8.449306008252895
2743.0,8.443654475066785
2744.0,8.43774399537478
2745.0,8.431516960585858
2746.0,8.426145652989142
2747.0,8.420607143542554
2748.0,8.415897696902505
2749.0,8.411300761213386
2750.0,8.40638868103397
2751.0,8.401761628979447
2752.0,8.39738148942615
2753.0,8.393441401112923
2754.0,8.390191179906875
2755.0,8.387140484644073
2756.0,8.38391075262091
2757.0,8.38032911851063
2758.0,8.376406869836405
2759.0,8.372624457500725
2760.0,8.368635440696426
2761.0,8.364653637173502
2762.0,8.360413760249084
2763.0,8.356385618207755
2764.0,8.3524807367003
2765.0,8.349058647588006
2766.0,8.345643484972355
2767.0,8.342428091435787
2768.0,8.33920718287326
2769.0,8.335523334165583
2770.0,8.331519902392674
2771.0,8.327785768865386
2772.0,8.323327897544068
2773.0,8.318741750816686
2774.0,8.314303133142086
2775.0,8.309755841475868
2776.0,8.305306807915326
2777.0,8.301163734760474
2778.0,8.296844820339487
2779.0,8.29268663713638
2780.0,8.288175914651367
2781.0,8.284201392139376
2782.0,8.280036660752835
2783.0,8.275541180356251
2784.0,8.271339968155226
2785.0,8.267838993743718
2786.0,8.264215288703717
2787.0,8.260842844033986
2788.0,8.257955358080581
2789.0,8.255570089355478
2790.0,8.25349058847667
2791.0,8.25156284013909
2792.0,8.249324138910541
2793.0,8.247123822120452
2794.0,8.246221376509137
2795.0,8.245608383974645
2796.0,8.245185084209167
2797.0,8.245170026464347
2798.0,8.244068444616008
2799.0,8.24227902448159
2800.0,8.240779496332868
2801.0,8.238932929295265
2802.0,8.237323196148767
2803.0,8.23505180796734
2804.0,8.232889505732745
2805.0,8.231348267679392
2806.0,8.230124251650881
2807.0,8.228739874277666
2808.0,8.227113168400326
2809.0,8.226029150611009
2810.0,8.225754728101661
2811.0,8.225102891251282
2812.0,8.224494402433335
2813.0,8.224879986372411
2814.0,8.225139243275349
2815.0,8.225141892561581
2816.0,8.225211189068773
2817.0,8.224976950128227
2818.0,8.22448110349288
2819.0,8.224693680955989
2820.0,8.224925357227699
2821.0,8.225233900592077
2822.0,8.22482007536715
2823.0,8.225128695821672
2824.0,8.226404040831797
2825.0,8.22830297774093
2826.0,8.22951557197286
2827.0,8.23145105053244
2828.0,8.23310785845238
2829.0,8.235259659984637
2830.0,8.237105760276782
2831.0,8.238869173285373
2832.0,8.241064256061572
2833.0,8.243008435675643
2834.0,8.24542144954644
2835.0,8.248315616874358
2836.0,8.251782845839047
2837.0,8.254971566598373
2838.0,8.258588026781545
2839.0,8.261040789518619
2840.0,8.265085218846378
2841.0,8.268857486468683
2842.0,8.273123921170901
2843.0,8.27759493460163
2844.0,8.282480882845105
2845.0,8.286669157623095
2846.0,8.291014408871076
2847.0,8.295711465254143
2848.0,8.300752784668415
2849.0,8.30654541701779
2850.0,8.312157770350137
2851.0,8.3176865754284
2852.0,8.322826926238921
2853.0,8.327285445287211
2854.0,8.331771046332015
2855.0,8.336567885502138
2856.0,8.34078698577658
2857.0,8.344787817451497
2858.0,8.34919651433815
2859.0,8.35370198301022
2860.0,8.358542841487811
2861.0,8.363667423961058
2862.0,8.36839288947893
2863.0,8.37293683261163
2864.0,8.377508205108024
2865.0,8.382249654816196
2866.0,8.387507997339071
2867.0,8.393341250990987
2868.0,8.398210155370407
2869.0,8.402078165939782
2870.0,8.405591816034349
2871.0,8.40946565394831
2872.0,8.413447870195562
2873.0,8.41769260880038
2874.0,8.421796532663432
2875.0,8.425641935645245
2876.0,8.429791787185835
2877.0,8.434128168948263
2878.0,8.438438294445138
2879.0,8.442648018370022
2880.0,8.447857773334345
2881.0,8.452940332425516
2882.0,8.458389257290378
2883.0,8.463532153930762
2884.0,8.46884427417149
2885.0,8.473799243388077
2886.0,8.47827759672088
2887.0,8.483418149902889
2888.0,8.48837636045669
2889.0,8.49238884418482
2890.0,8.49611991853095
2891.0,8.49924098237216
2892.0,8.502306170791181
2893.0,8.505076454714251
2894.0,8.507248689305836
2895.0,8.508316918157314
2896.0,8.508906757459059
2897.0,8.509312642668029
2898.0,8.509456981791375
2899.0,8.509345525777718
2900.0,8.508648954724368
2901.0,8.507694857444534
2902.0,8.50653312989498
2903.0,8.505365627341728
2904.0,8.50371869342017
2905.0,8.50262087154753
2906.0,8.5015514874157
2907.0,8.500391858273968
2908.0,8.499292431333354
2909.0,8.497957682475848
2910.0,8.497022551908959
2911.0,8.49578238106166
2912.0,8.494948295776586
2913.0,8.49439535031355
2914.0,8.493445012078542
2915.0,8.492531776862359
2916.0,8.492059491043387
2917.0,8.491897715764955
2918.0,8.490992215762635
2919.0,8.490098375402813
2920.0,8.489218138954545
2921.0,8.488615461916519
2922.0,8.488046810024379
2923.0,8.487487518452815
2924.0,8.487593280558405
2925.0,8.487780536849932
2926.0,8.487929663629613
2927.0,8.48888305968847
2928.0,8.48965741138756
2929.0,8.49024938639843
2930.0,8.490754527800162
2931.0,8.49090050700814
2932.0,8.491388365282447
2933.0,8.491990850385402
2934.0,8.492989355565014
2935.0,8.49394547751282
2936.0,8.494213123518026
2937.0,8.494223617501088
2938.0,8.494430365846952
2939.0,8.494606022160685
2940.0,8.49495184058422
2941.0,8.495507563432977
2942.0,8.496017057955223
2943.0,8.496727964168729
2944.0,8.497491033488204
2945.0,8.498417984790665
2946.0,8.499532185666077
2947.0,8.501492939314167
2948.0,8.502936394220743
2949.0,8.504926143411945
2950.0,8.507448456575673
2951.0,8.509931257785203
2952.0,8.512396064731606
2953.0,8.51537305535544
2954.0,8.51794595008129
2955.0,8.520620347939884
2956.0,8.523722270568182
2957.0,8.526816106689369
2958.0,8.529964119889087
2959.0,8.533674432015678
2960.0,8.537800609986167
2961.0,8.54308028594578
2962.0,8.547766445068161
2963.0,8.552286259246092
2964.0,8.556836719133337
2965.0,8.561532127238129
2966.0,8.56584031589128
2967.0,8.569862482737753
2968.0,8.574253204537897
2969.0,8.57839016940934
2970.0,8.582239379161484
2971.0,8.586283540122045
2972.0,8.590414832209488
2973.0,8.594648205659334
2974.0,8.599038813748344
2975.0,8.603418417082432
2976.0,8.607265269613272
2977.0,8.611315499416019
2978.0,8.616117066608137
2979.0,8.620589999080199
2980.0,8.62457356886575
2981.0,8.629085913528295
2982.0,8.633376727965384
2983.0,8.637788214369031
2984.0,8.643179547660534
2985.0,8.647803471424938
2986.0,8.65256067178672
2987.0,8.65721252240655
2988.0,8.661863900950799
2989.0,8.666625248944353
2990.0,8.671979044955174
2991.0,8.677152331379675
2992.0,8.682956958336117
2993.0,8.68768423258747
2994.0,8.693076136881253
2995.0,8.698708449411178
2996.0,8.703909467327064
2997.0,8.709929755307432
2998.0,8.71498938928291
2999.0,8.71996173990809
3000.0,8.7246703350697
3001.0,8.72977075866536
3002.0,8.733978751743432
3003.0,8.737683739626215
3004.0,8.741164981149813
3005.0,8.743960300875203
3006.0,8.74680086728833
3007.0,8.749838886725662
3008.0,8.753191288435158
3009.0,8.75694376415123
3010.0,8.760706052354696
3011.0,8.764987151842277
3012.0,8.769545341248136
3013.0,8.774188780983955
3014.0,8.778287362976265
3015.0,8.781665004549527
3016.0,8.78560060935336
3017.0,8.789306862322382
3018.0,8.793228058176558
3019.0,8.797076089087888
3020.0,8.80150452813128
3021.0,8.805691868119052
3022.0,8.810070647130969
3023.0,8.814712947839665
3024.0,8.819291580801425
3025.0,8.8243317580563
3026.0,8.829452302456556
3027.0,8.83368332940922
3028.0,8.838257687584843
3029.0,8.842112864142667
3030.0,8.846087062414979
3031.0,8.850248646633371
3032.0,8.854426390962118
3033.0,8.857984402012525
3034.0,8.860956073829588
3035.0,8.864006893494514
3036.0,8.867862948736335
3037.0,8.872309649257998
3038.0,8.8773428111599
3039.0,8.882048940000724
3040.0,8.88688608572863
3041.0,8.891559042552135
3042.0,8.896121116895854
3043.0,8.900628056534037
3044.0,8.903917547667243
3045.0,8.906694876631763
3046.0,8.909234775117609
3047.0,8.911240219830592
3048.0,8.91418786361315
3049.0,8.917366342453505
3050.0,8.920551306828708
3051.0,8.923580571958892
3052.0,8.926598539456196
3053.0,8.93007572441385
3054.0,8.932386689386348
3055.0,8.934122866279198
3056.0,8.936068566587426
3057.0,8.938647794712557
3058.0,8.941077226327426
3059.0,8.94307511693206
3060.0,8.944469143676033
3061.0,8.946329261812908
3062.0,8.948090049480923
3063.0,8.94959332530782
3064.0,8.951081482849492
3065.0,8.95205980992035
3066.0,8.953123081334239
3067.0,8.954503795264264
3068.0,8.955864457019997
3069.0,8.956371993015225
3070.0,8.956093187374877
3071.0,8.955112281741794
3072.0,8.953834139317342
3073.0,8.952565202020665
3074.0,8.951757274451605
3075.0,8.950676609808172
3076.0,8.950518808733845
3077.0,8.949983146734986
3078.0,8.950049442186915
3079.0,8.949795268671547
3080.0,8.948906650037545
3081.0,8.947975956266072
3082.0,8.946435307933871
3083.0,8.945779897423796
3084.0,8.945271680944584
3085.0,8.943947629827772
3086.0,8.94219879796175
3087.0,8.940025818298597
3088.0,8.937282747228357
3089.0,8.935218245170265
3090.0,8.932145734898558
3091.0,8.928968006238224
3092.0,8.925598711526858
3093.0,8.921801257941233
3094.0,8.917572145532622
3095.0,8.913755712061878
3096.0,8.909596350239017
3097.0,8.90556121749922
3098.0,8.901672425320385
3099.0,8.897835943638194
3100.0,8.894703017257187
3101.0,8.891645856082361
3102.0,8.8891545937317
3103.0,8.886857541475138
3104.0,8.884159393155805
3105.0,8.881357947915967
3106.0,8.8784635693121
3107.0,8.875456062186187
3108.0,8.871949219221896
3109.0,8.868874593302241
3110.0,8.865337356463689
3111.0,8.862079770695175
3112.0,8.859190842016247
3113.0,8.856250155654305
3114.0,8.853702414017095
3115.0,8.851007435658168
3116.0,8.847204184676107
3117.0,8.843845702800387
3118.0,8.841062364728778
3119.0,8.838857592578734
3120.0,8.836829548373442
3121.0,8.83474825820014
3122.0,8.832619888818003
3123.0,8.830844755931924
3124.0,8.829418133490265
3125.0,8.828581676542814
3126.0,8.826971330962143
3127.0,8.825258668155728
3128.0,8.82327652891514
3129.0,8.82123748626489
3130.0,8.81956769782615
3131.0,8.817904985119926
3132.0,8.81679472792664
3133.0,8.815995218399761
3134.0,8.814915786875678
3135.0,8.81351788214375
3136.0,8.812075190648011
3137.0,8.810004138355216
3138.0,8.808370126263334
3139.0,8.807757469973744
3140.0,8.807022850736256
3141.0,8.806277670767694
3142.0,8.805694033604901
3143.0,8.805238057179455
3144.0,8.80556203606172
3145.0,8.806611236885123
3146.0,8.8081599007762
3147.0,8.809481312221095
3148.0,8.810990711056265
3149.0,8.812803203693248
3150.0,8.815114168789712
3151.0,8.817396993841347
3152.0,8.820051724036583
3153.0,8.822629431578589
3154.0,8.825517890752396
3155.0,8.828444135378227
3156.0,8.830886289319261
3157.0,8.833718004816934
3158.0,8.836707239646389
3159.0,8.839623674422732
3160.0,8.84259767239102
3161.0,8.845517119346109
3162.0,8.848010980669423
3163.0,8.850251905402418
3164.0,8.852010367621046
3165.0,8.854145784821169
3166.0,8.856368930659533
3167.0,8.857833835314798
3168.0,8.859640628546227
3169.0,8.861660902187554
3170.0,8.863691900926195
3171.0,8.866234335183746
3172.0,8.868385297658676
3173.0,8.870444607149057
3174.0,8.87174753619649
3175.0,8.873607164181662
3176.0,8.875218239047005
3177.0,8.876866968946466
3178.0,8.878155947713182
3179.0,8.879165294840645
3180.0,8.88052742741842
3181.0,8.882121957304323
3182.0,8.88384615468815
3183.0,8.885815701687244
3184.0,8.887105934568929
3185.0,8.888817239400788
3186.0,8.889831509543598
3187.0,8.890904918152323
3188.0,8.891243621280971
3189.0,8.891270200010121
3190.0,8.891430774918827
3191.0,8.891081952511142
3192.0,8.890828842925012
3193.0,8.890183157720207
3194.0,8.889519500144972
3195.0,8.88867343023674
3196.0,8.888161893665492
3197.0,8.888121615702046
3198.0,8.888092056567345
3199.0,8.888268998238033
3200.0,8.888733472341695
3201.0,8.889171098911184
3202.0,8.889687125533737
3203.0,8.890424959265113
3204.0,8.891388067420564
3205.0,8.891665043363753
3206.0,8.89205590484351
3207.0,8.892631068125644
3208.0,8.893536024456568
3209.0,8.893939277667268
3210.0,8.893510444335934
3211.0,8.892298782542124
3212.0,8.891984845384867
3213.0,8.891881890641743
3214.0,8.891230996550721
3215.0,8.891166248125588
3216.0,8.891145587768827
3217.0,8.89147963906563
3218.0,8.891798395486456
3219.0,8.891412003333182
3220.0,8.890901157777517
3221.0,8.88974474556943
3222.0,8.888824649486224
3223.0,8.888153866114612
3224.0,8.887550177324842
3225.0,8.887371511610137
3226.0,8.887294278909426
3227.0,8.887150487084945
3228.0,8.886117398164831
3229.0,8.884759219286899
3230.0,8.883458453968744
3231.0,8.881457908346
3232.0,8.879608527521533
3233.0,8.87775515751491
3234.0,8.875463352890995
3235.0,8.873892179956709
3236.0,8.872159292693366
3237.0,8.870726892771794
3238.0,8.869371407054254
3239.0,8.868277940412908
3240.0,8.867404563856148
3241.0,8.86678017225225
3242.0,8.866037655232912
3243.0,8.8654336895573
3244.0,8.864191025654586
3245.0,8.862383016143129
3246.0,8.860858866487007
3247.0,8.858505791398127
3248.0,8.856700823978573
3249.0,8.854565935882574
3250.0,8.853284685909532
3251.0,8.8520254370784
3252.0,8.851376568022944
3253.0,8.850128302416524
3254.0,8.84912574486638
3255.0,8.848165235257992
3256.0,8.847481851906682
3257.0,8.846504020199982
3258.0,8.845722861271708
3259.0,8.8450490245727
3260.0,8.844209550118187
3261.0,8.843394173937284
3262.0,8.842503979634595
3263.0,8.842009669409926
3264.0,8.842032694994915
3265.0,8.842663810517966
3266.0,8.843903076315174
3267.0,8.84443571348695
3268.0,8.844560647375921
3269.0,8.844630293359518
3270.0,8.844675546614006
3271.0,8.84458567980569
3272.0,8.84551442591186
3273.0,8.846978425699401
3274.0,8.848472453911997
3275.0,8.850264599954942
3276.0,8.851497900657389
3277.0,8.853193723489053
3278.0,8.854614805922502
3279.0,8.856830477160836
3280.0,8.859084080505713
3281.0,8.861070935116624
3282.0,8.863041814106015
3283.0,8.865825725129412
3284.0,8.868693497363799
3285.0,8.871974054880384
3286.0,8.874646552650749
3287.0,8.877313251872518
3288.0,8.878887235152044
3289.0,8.880224584996665
3290.0,8.881469845941348
3291.0,8.882059781576483
3292.0,8.88256741409145
3293.0,8.883518057638847
3294.0,8.884443809226932
3295.0,8.88515826236586
3296.0,8.885851985863392
3297.0,8.88653342037672
3298.0,8.886894266651643
3299.0,8.886910300080768
3300.0,8.887051616525417
3301.0,8.887679938667196
3302.0,8.888188010070797
3303.0,8.888496708066103
3304.0,8.889401978457455
3305.0,8.891052675387723
3306.0,8.891826088092566
3307.0,8.891952991354026
3308.0,8.892149978363252
3309.0,8.892974435521385
3310.0,8.894046630040153
3311.0,8.895368781566653
3312.0,8.896712965404722
3313.0,8.898183829752131
3314.0,8.8995590621345
3315.0,8.900513850557791
3316.0,8.90100092652651
3317.0,8.901472122964401
3318.0,8.902419042537298
3319.0,8.903780066741461
3320.0,8.906082654612904
3321.0,8.909298943989866
3322.0,8.912625871957616
3323.0,8.914890405429754
3324.0,8.91740176297752
3325.0,8.919930466951694
3326.0,8.92229922772581
3327.0,8.924367188786615
3328.0,8.925854680488184
3329.0,8.927359995628935
3330.0,8.92968768264506
3331.0,8.931728373944253
3332.0,8.933818025274611
3333.0,8.935951784367575
3334.0,8.9377646140881
3335.0,8.940243424729813
3336.0,8.943025712700802
3337.0,8.946485144176727
3338.0,8.950523141112784
3339.0,8.95459428892895
3340.0,8.95822625217213
3341.0,8.961587126858884
3342.0,8.965506058861381
3343.0,8.969285897169307
3344.0,8.973451168335737
3345.0,8.97740560746122
3346.0,8.982256441911968
3347.0,8.986796748528633
3348.0,8.990896044189446
3349.0,8.994475051776467
3350.0,8.99718732152866
3351.0,8.99907141339963
3352.0,9.000615944586555
3353.0,9.002640212878864
3354.0,9.004846915535005
3355.0,9.006383809402324
3356.0,9.008447553982089
3357.0,9.010589756315893
3358.0,9.013005030268893
3359.0,9.014959660181182
3360.0,9.016397726426135
3361.0,9.017253540317867
3362.0,9.018221899231078
3363.0,9.01903306417766
3364.0,9.019748899617202
3365.0,9.020747328391941
3366.0,9.02281890057188
3367.0,9.024089791016172
3368.0,9.025715491968217
3369.0,9.027928379450406
3370.0,9.029500195889236
3371.0,9.03116598760203
3372.0,9.033239445282925
3373.0,9.034405336124905
3374.0,9.03505705632767
3375.0,9.03581087889935
3376.0,9.037133725802779
3377.0,9.039158554321146
3378.0,9.041333785452741
3379.0,9.043927807453025
3380.0,9.045838075753519
3381.0,9.04833899726058
3382.0,9.050017916040108
3383.0,9.05122353924546
3384.0,9.053073408321493
3385.0,9.054675736631514
3386.0,9.055825670052522
3387.0,9.05786993181765
3388.0,9.059500802786582
3389.0,9.060219168516628
3390.0,9.061009318012653
3391.0,9.062050436871903
3392.0,9.063378233410482
3393.0,9.06468421655564
3394.0,9.065560077278294
3395.0,9.066535909499509
3396.0,9.067676566557234
3397.0,9.06881296503887
3398.0,9.070481900689028
3399.0,9.071396688557396
3400.0,9.071908548672004
3401.0,9.072363075618748
3402.0,9.072608643121498
3403.0,9.073059548387732
3404.0,9.074056584142989
3405.0,9.074903879349268
3406.0,9.076416702062694
3407.0,9.077726791370939
3408.0,9.078776022487483
3409.0,9.08028467561499
3410.0,9.081656488520801
3411.0,9.082763675774197
3412.0,9.084374313993912
3413.0,9.086699783881404
3414.0,9.089534016037856
3415.0,9.092518860608072
3416.0,9.095524772864959
3417.0,9.099390090468034
3418.0,9.10340099877711
3419.0,9.107210511933975
3420.0,9.11032201919754
3421.0,9.113112904470272
3422.0,9.116382863769596
3423.0,9.119191230565363
3424.0,9.122356434955394
3425.0,9.124676131154747
3426.0,9.127466969390655
3427.0,9.130350190462188
3428.0,9.133318202853605
3429.0,9.136973025795191
3430.0,9.14040183570766
3431.0,9.144126466390162
3432.0,9.147747584090839
3433.0,9.151428452082106
3434.0,9.155735798628841
3435.0,9.16000181955746
3436.0,9.166046224987836
3437.0,9.171979278196764
3438.0,9.178015793801437
3439.0,9.184239368369107
3440.0,9.190030965636288
3441.0,9.19648879614517
3442.0,9.20273183325988
3443.0,9.208630807425592
3444.0,9.214350187594567
3445.0,9.220053359574214
3446.0,9.224764653328545
3447.0,9.228196456966833
3448.0,9.231627324797568
3449.0,9.235148327290736
3450.0,9.238492536402154
3451.0,9.241775923146104
3452.0,9.245414498566632
3453.0,9.248920456291614
3454.0,9.252096401024392
3455.0,9.255797458805107
3456.0,9.258999289000094
3457.0,9.261760113682898
3458.0,9.264623060185112
3459.0,9.26750984624202
3460.0,9.270652941854037
3461.0,9.273771204376942
3462.0,9.276373795689125
3463.0,9.278734147889201
3464.0,9.282265471203118
3465.0,9.285497735018803
3466.0,9.289412620842459
3467.0,9.293495981005579
3468.0,9.29767404711925
3469.0,9.302719865562631
3470.0,9.3080984738407
3471.0,9.313555116659105
3472.0,9.318060159752624
3473.0,9.322462643258383
3474.0,9.326695476794164
3475.0,9.33085230672194
3476.0,9.334945269843754
3477.0,9.339162830999225
3478.0,9.343721996820106
3479.0,9.348393294656962
3480.0,9.35335969903844
3481.0,9.358727241685958
3482.0,9.363857482178982
3483.0,9.368411744521959
3484.0,9.372508900907674
3485.0,9.376405901717474
3486.0,9.380624728095139
3487.0,9.385455070119509
3488.0,9.390532962542952
3489.0,9.394941149995313
3490.0,9.398383925838067
3491.0,9.401211405882234
3492.0,9.404269095005567
3493.0,9.407282946103553
3494.0,9.410194608330519
3495.0,9.413109578057146
3496.0,9.415497113286065
3497.0,9.417641571017981
3498.0,9.41960021288787
3499.0,9.422306701717
3500.0,9.424479117248813
3501.0,9.426564901498928
3502.0,9.428185994390532
3503.0,9.430846606643438
3504.0,9.433409572143328
3505.0,9.436244804097274
3506.0,9.439062679607312
3507.0,9.44174083253308
3508.0,9.44355585247858
3509.0,9.444956896390945
3510.0,9.446215872263867
3511.0,9.447369961825759
3512.0,9.448126020592962
3513.0,9.44884443111697
3514.0,9.449018739868047
3515.0,9.44907854532072
3516.0,9.448228008749092
3517.0,9.447666833291539
3518.0,9.446926041694818
3519.0,9.446443152747962
3520.0,9.445738669805712
3521.0,9.445161688184607
3522.0,9.443802405309702
3523.0,9.44208817608944
3524.0,9.440387081053123
3525.0,9.439013930584652
3526.0,9.43824619072271
3527.0,9.43785329023981
3528.0,9.437371569347405
3529.0,9.436110450447352
3530.0,9.434985228926253
3531.0,9.433434897684744
3532.0,9.431919323080537
3533.0,9.430379501275763
3534.0,9.429715368512312
3535.0,9.428262933279772
3536.0,9.426590577212622
3537.0,9.424177820228703
3538.0,9.422099930144446
3539.0,9.420545161774351
3540.0,9.419042913122789
3541.0,9.41821693679838
3542.0,9.417725468353284
3543.0,9.417321249570149
3544.0,9.417249891911696
3545.0,9.417245639523099
3546.0,9.417077777097973
3547.0,9.4170067861685
3548.0,9.416613957644078
3549.0,9.416167628685123
3550.0,9.415104055264543
3551.0,9.4141532955937
3552.0,9.41304500952648
3553.0,9.411949460916773
3554.0,9.41084104543493
3555.0,9.409028378948578
3556.0,9.407692007512736
3557.0,9.406074995067783
3558.0,9.404393338396567
3559.0,9.402762856387255
3560.0,9.400938734413277
3561.0,9.398961257202794
3562.0,9.396583917758829
3563.0,9.393704428365965
3564.0,9.390483795330018
3565.0,9.387845387681356
3566.0,9.385699566382938
3567.0,9.383616571134192
3568.0,9.381811330120387
3569.0,9.380047542646121
3570.0,9.377268688372789
3571.0,9.373965819709484
3572.0,9.370630060444107
3573.0,9.368152467563062
3574.0,9.364768991460506
3575.0,9.361550274208163
3576.0,9.358021589090248
3577.0,9.355015115091204
3578.0,9.35246167565227
3579.0,9.349577079558957
3580.0,9.346349485741458
3581.0,9.343083070852224
3582.0,9.338955101002204
3583.0,9.334637185644763
3584.0,9.330968270442037
3585.0,9.327099076406624
3586.0,9.3232356233911
3587.0,9.319407441895237
3588.0,9.31465039303248
3589.0,9.310304938333983
3590.0,9.306783673950122
3591.0,9.304106956245572
3592.0,9.300928964690753
3593.0,9.297881111492687
3594.0,9.294749176666706
3595.0,9.292477403655308
3596.0,9.289694025539587
3597.0,9.287646934378895
3598.0,9.286120231377708
3599.0,9.284599976790693
3600.0,9.28365686989991
3601.0,9.283313148374056
3602.0,9.282441759544739
3603.0,9.281196179231095
3604.0,9.28038847194018
3605.0,9.279275420828332
3606.0,9.278379711515925
3607.0,9.277754162417425
3608.0,9.277042677945456
3609.0,9.2763135116832
3610.0,9.275673448517864
3611.0,9.275324219183668
3612.0,9.275443519490588
3613.0,9.275966551795374
3614.0,9.276161459995311
3615.0,9.276199884390572
3616.0,9.275700091344714
3617.0,9.274977508145279
3618.0,9.273372628791831
3619.0,9.271107368995514
3620.0,9.26963983012782
3621.0,9.268206476756156
3622.0,9.265819957592763
3623.0,9.26411826548308
3624.0,9.263161395750185
3625.0,9.261395831147313
3626.0,9.25944777268659
3627.0,9.257047197745829
3628.0,9.254905941385251
3629.0,9.252289453601781
3630.0,9.249660772404024
3631.0,9.246708302418
3632.0,9.24415288409002
3633.0,9.242123014188106
3634.0,9.239376319701877
3635.0,9.236715075695475
3636.0,9.23455147629196
3637.0,9.232114409024097
3638.0,9.230479287374466
3639.0,9.229049402534253
3640.0,9.227821167598535
3641.0,9.226193508702691
3642.0,9.225239297259032
3643.0,9.224624170964159
3644.0,9.22390754635548
3645.0,9.222896177794945
3646.0,9.221790289613036
3647.0,9.220594084569662
3648.0,9.218688083147637
3649.0,9.217226290773004
3650.0,9.216213118486047
3651.0,9.215617336460227
3652.0,9.215189551355081
3653.0,9.214036883834925
3654.0,9.213136578427388
3655.0,9.211713498069733
3656.0,9.21048878157132
3657.0,9.208885228045125
3658.0,9.2075687624472
3659.0,9.205817290864376
3660.0,9.204218794692933
3661.0,9.202987193076943
3662.0,9.201974621281376
3663.0,9.200843031822435
3664.0,9.19943366037367
3665.0,9.197353464668069
3666.0,9.19554321660117
3667.0,9.193403810704721
3668.0,9.19109181248975
3669.0,9.188364802117789
3670.0,9.18659371823057
3671.0,9.185489532525061
3672.0,9.183968914182767
3673.0,9.183340490505692
3674.0,9.182532270432082
3675.0,9.182232737025183
3676.0,9.182026240372332
3677.0,9.181460857496559
3678.0,9.181419250838665
3679.0,9.180995099497121
3680.0,9.180551689637527
3681.0,9.179755424064034
3682.0,9.179293778739032
3683.0,9.178982439912222
3684.0,9.178177847508595
3685.0,9.177090607691818
3686.0,9.174743326682501
3687.0,9.17321714591788
3688.0,9.171871029401387
3689.0,9.170527333160566
3690.0,9.169281831272896
3691.0,9.167818969366628
3692.0,9.16664522019847
3693.0,9.165955914757882
3694.0,9.165351338616702
3695.0,9.164460738329476
3696.0,9.164805224299998
3697.0,9.165301054630017
3698.0,9.165991732154861
3699.0,9.166242861942985
3700.0,9.16641191045735
3701.0,9.166929253893437
3702.0,9.166902678632914
3703.0,9.167006375923348
3704.0,9.167644848548855
3705.0,9.168475450205161
3706.0,9.169517557112853
3707.0,9.17047338785406
3708.0,9.171000628556927
3709.0,9.172498400193719
3710.0,9.17419471644508
3711.0,9.176063681663353
3712.0,9.177942652568971
3713.0,9.179799703053076
3714.0,9.180564427834977
3715.0,9.181076278508257
3716.0,9.18099009835982
3717.0,9.181058247984861
3718.0,9.18137836670247
3719.0,9.18164278147949
3720.0,9.181859765679595
3721.0,9.18276102110042
3722.0,9.184612805889634
3723.0,9.186332804221164
3724.0,9.188017303628088
3725.0,9.19041548450129
3726.0,9.192665646695458
3727.0,9.194983461556054
3728.0,9.197211870517341
3729.0,9.199758965744303
3730.0,9.202179860840104
3731.0,9.20464961118526
3732.0,9.207425475460978
3733.0,9.21056501871972
3734.0,9.214784863491015
3735.0,9.21883765467378
3736.0,9.222916642226469
3737.0,9.226092129697655
3738.0,9.229029588241653
3739.0,9.232532135897783
3740.0,9.237107112242732
3741.0,9.241970048271568
3742.0,9.246590731342168
3743.0,9.251492334635335
3744.0,9.2565596683083
3745.0,9.262695421634643
3746.0,9.268793723817693
3747.0,9.275251746144315
3748.0,9.281877203758764
3749.0,9.288335134225703
3750.0,9.294250015822946
3751.0,9.30010300523555
3752.0,9.30664751508126
3753.0,9.312058697573566
3754.0,9.317142653000987
3755.0,9.322354846501254
3756.0,9.326972818335873
3757.0,9.332048317502242
3758.0,9.337334411409023
3759.0,9.342853352097334
3760.0,9.348952747925324
3761.0,9.354635658799388
3762.0,9.360698149320125
3763.0,9.366699744427166
3764.0,9.373197480127969
3765.0,9.379799362828756
3766.0,9.38565761751238
3767.0,9.3924651157424
3768.0,9.398547045740202
3769.0,9.404277776165914
3770.0,9.409769675296241
3771.0,9.41584490612795
3772.0,9.42252128595681
3773.0,9.429305896785413
3774.0,9.436092844452968
3775.0,9.442471668512026
3776.0,9.449191540829275
3777.0,9.455377772829875
3778.0,9.462122732174361
3779.0,9.469136432263873
3780.0,9.47627048670689
3781.0,9.483433111200739
3782.0,9.491011190851053
3783.0,9.498468566288263
3784.0,9.504892910360761
3785.0,9.511218810785445
3786.0,9.517717688101012
3787.0,9.523695820201574
3788.0,9.529384347034028
3789.0,9.53481790343907
3790.0,9.53975018322988
3791.0,9.544728768563534
3792.0,9.549164660981141
3793.0,9.55346446382531
3794.0,9.557564845670262
3795.0,9.562244521978974
3796.0,9.56625881845658
3797.0,9.570618071983137
3798.0,9.575041169941414
3799.0,9.579793286724922
3800.0,9.584828505654041
3801.0,9.58923552268342
3802.0,9.593730860768524
3803.0,9.598185054372967
3804.0,9.602576664751153
3805.0,9.60732032848918
3806.0,9.612160930481386
3807.0,9.616659666959924
3808.0,9.621695258341049
3809.0,9.626042883636675
3810.0,9.630425640522828
3811.0,9.63442950500651
3812.0,9.638442830715253
3813.0,9.642839630889567
3814.0,9.647671300344399
3815.0,9.652694703057609
3816.0,9.657353864608424
3817.0,9.661704779287799
3818.0,9.665232044555623
3819.0,9.668639833713916
3820.0,9.672152681877677
3821.0,9.675242463126983
3822.0,9.679354643453609
3823.0,9.683446213621062
3824.0,9.687746586052944
3825.0,9.691675716028158
3826.0,9.6962820645619
3827.0,9.700429792671361
3828.0,9.70506100637999
3829.0,9.709714144645314
3830.0,9.714631580988804
3831.0,9.719437441622647
3832.0,9.724316114370394
3833.0,9.72924335281699
3834.0,9.733694508239976
3835.0,9.738270061262787
3836.0,9.74273343902846
3837.0,9.747004525250272
3838.0,9.75219514975801
3839.0,9.75693083667143
3840.0,9.761188580998484
3841.0,9.765194492760697
3842.0,9.768781200958246
3843.0,9.771706387599801
3844.0,9.774798959822414
3845.0,9.777387771577672
3846.0,9.780248798223239
3847.0,9.782613776856868
3848.0,9.78398960441201
3849.0,9.785956575831136
3850.0,9.787465989452587
3851.0,9.789174521818973
3852.0,9.791395129236264
3853.0,9.793398870620216
3854.0,9.795159487236152
3855.0,9.797669900175409
3856.0,9.800168902160273
3857.0,9.802276198148009
3858.0,9.804474293929864
3859.0,9.807011606205355
3860.0,9.810303055989205
3861.0,9.813764015647784
3862.0,9.816506047755288
3863.0,9.819247233485777
3864.0,9.822007301309682
3865.0,9.825255807430526
3866.0,9.828773309762079
3867.0,9.832481699590975
3868.0,9.836390394540938
3869.0,9.840757374577779
3870.0,9.845013366252186
3871.0,9.849596066967447
3872.0,9.854748044351327
3873.0,9.859412761502686
3874.0,9.86408948174863
3875.0,9.869012753730438
3876.0,9.873627268110999
3877.0,9.87828561409561
3878.0,9.882848734184654
3879.0,9.887854935668134
3880.0,9.892796089868282
3881.0,9.898572100615944
3882.0,9.904436137413411
3883.0,9.910165975856673
3884.0,9.915712886208977
3885.0,9.92117775548493
3886.0,9.926777106208469
3887.0,9.931289043306862
3888.0,9.935610924589257
3889.0,9.940150591342574
3890.0,9.94355979636857
3891.0,9.94716250112983
3892.0,9.949845092006523
3893.0,9.952203413065886
3894.0,9.954393450487283
3895.0,9.956810028130656
3896.0,9.958899444918218
3897.0,9.961233055910602
3898.0,9.964135043857967
3899.0,9.967289638939285
3900.0,9.970425039173898
3901.0,9.973550679979464
3902.0,9.976262386140185
3903.0,9.97930624992766
3904.0,9.980604446804389
3905.0,9.982050574125516
3906.0,9.983387543621408
3907.0,9.984952895176669
3908.0,9.986488278973146
3909.0,9.988359235974864
3910.0,9.990210704305827
3911.0,9.99223092245182
3912.0,9.994143582067203
3913.0,9.994809876497207
3914.0,9.99512846211556
3915.0,9.995921322351268
3916.0,9.996844937466152
3917.0,9.998153338497664
3918.0,9.999780279702943
3919.0,10.001406833679502
3920.0,10.00271734489988
3921.0,10.003248435588413
3922.0,10.003949871142465
3923.0,10.0044793664677
3924.0,10.004987380419154
3925.0,10.005138971907941
3926.0,10.005067208759641
3927.0,10.005357077728164
3928.0,10.004834485221997
3929.0,10.003937297924722
3930.0,10.002934086834696
3931.0,10.00260239140406
3932.0,10.002583364235006
3933.0,10.002191856986855
3934.0,10.002396818393043
3935.0,10.003060281172651
3936.0,10.003893586058592
3937.0,10.003803907331694
3938.0,10.003629004256245
3939.0,10.003142116585677
3940.0,10.00302727580806
3941.0,10.002391274159033
3942.0,10.001002531164447
3943.0,9.999062532036557
3944.0,9.997520666404577
3945.0,9.996014576108534
3946.0,9.993408375197744
3947.0,9.990294303368877
3948.0,9.987225251955016
3949.0,9.984303999809008
3950.0,9.98103409369852
3951.0,9.977859279920816
3952.0,9.975216331478794
3953.0,9.973111902119312
3954.0,9.97064946433132
3955.0,9.967853110257801
3956.0,9.96435979174618
3957.0,9.961179320360921
3958.0,9.958783850939746
3959.0,9.956183094755566
3960.0,9.95434841893338
3961.0,9.952687035519418
3962.0,9.950571527706387
3963.0,9.948796331611408
3964.0,9.947469909468763
3965.0,9.946067638617095
3966.0,9.944525560560207
3967.0,9.942376782288342
3968.0,9.939856342423413
3969.0,9.93673408572456
3970.0,9.933758853673146
3971.0,9.930389202549367
3972.0,9.926893044913676
3973.0,9.922955971972865
3974.0,9.9195106356181
3975.0,9.914938599390574
3976.0,9.91012316718746
3977.0,9.905475532055833
3978.0,9.901149169061334
3979.0,9.896191656021772
3980.0,9.891359207149124
3981.0,9.886686229325191
3982.0,9.882667342151327
3983.0,9.878895995591284
3984.0,9.874711559878671
3985.0,9.870133339037052
3986.0,9.865313332002982
3987.0,9.860595991889063
3988.0,9.856308638480378
3989.0,9.85209116798536
3990.0,9.847618976758135
3991.0,9.842852492571375
3992.0,9.83843864252162
3993.0,9.834728188335333
3994.0,9.831013648124902
3995.0,9.826611474878112
3996.0,9.822813482967346
3997.0,9.819422617303536
3998.0,9.816232044266288
3999.0,9.812862214088053
4000.0,9.810124917123824
4001.0,9.807834977510028
4002.0,9.80490211900275
4003.0,9.802312304751325
4004.0,9.800197650311562
4005.0,9.797757552923835
4006.0,9.79517726339701
4007.0,9.79214664894888
4008.0,9.789692291691432
4009.0,9.787440275619094
4010.0,9.785034501409312
4011.0,9.78242737548596
4012.0,9.779791601116154
4013.0,9.777157998074472
4014.0,9.774511618019655
4015.0,9.771078039673585
4016.0,9.768263165745775
4017.0,9.764543228093107
4018.0,9.76211395727529
4019.0,9.760314914284514
4020.0,9.75877493664704
4021.0,9.75727190139564
4022.0,9.755572444196757
4023.0,9.753535426229545
4024.0,9.751127321461277
4025.0,9.748945919673032
4026.0,9.746468253428926
4027.0,9.743940135772908
4028.0,9.740805638123959
4029.0,9.737915058815027
4030.0,9.734932514560427
4031.0,9.73154302261846
4032.0,9.727473021351905
4033.0,9.723834480012629
4034.0,9.720928682100146
4035.0,9.718544808328184
4036.0,9.716367379254107
4037.0,9.714698541759343
4038.0,9.713375269717309
4039.0,9.711813798087878
4040.0,9.711052445128809
4041.0,9.70910964166861
4042.0,9.70737220129274
4043.0,9.705581897260746
4044.0,9.703435482774733
4045.0,9.7012378415821
4046.0,9.699348650969148
4047.0,9.697704172025253
4048.0,9.69584996824326
4049.0,9.69412850037064
4050.0,9.693054269828755
4051.0,9.692565214215856
4052.0,9.691292408491561
4053.0,9.690541397556185
4054.0,9.690161042899732
4055.0,9.689666766258354
4056.0,9.68952102230437
4057.0,9.690083667383568
4058.0,9.689677008976469
4059.0,9.689535636693744
4060.0,9.689058477835463
4061.0,9.688620625478412
4062.0,9.688354112587144
4063.0,9.688229483929739
4064.0,9.688680660434144
4065.0,9.688624968769759
4066.0,9.688777908746424
4067.0,9.689119912637919
4068.0,9.689789762208258
4069.0,9.690259654704688
4070.0,9.69139750227563
4071.0,9.69344765626394
4072.0,9.695104717768954
4073.0,9.696418816839063
4074.0,9.69694908143071
4075.0,9.697775866679049
4076.0,9.698426131566968
4077.0,9.69897596904378
4078.0,9.698825559370713
4079.0,9.698668416736147
4080.0,9.698144166002168
4081.0,9.698285838290616
4082.0,9.699170779282314
4083.0,9.700152763573952
4084.0,9.701046660226954
4085.0,9.702243530496686
4086.0,9.703908932903635
4087.0,9.705144168052364
4088.0,9.705922203184898
4089.0,9.706517600672607
4090.0,9.707220686880438
4091.0,9.70770181969964
4092.0,9.70814505969955
4093.0,9.709322048235185
4094.0,9.710215734423928
4095.0,9.710824132813674
4096.0,9.711311811283814
4097.0,9.711197537503624
4098.0,9.711679508882815
4099.0,9.711686798659843
4100.0,9.711564973529981
4101.0,9.71165389991348
4102.0,9.711492495796078
4103.0,9.711509051438249
4104.0,9.711623463062699
4105.0,9.711439515858956
4106.0,9.710309882538532
4107.0,9.70926548908055
4108.0,9.708842988152796
4109.0,9.707989722458818
4110.0,9.706714945916715
4111.0,9.705417417559982
4112.0,9.704133159559083
4113.0,9.70270398361575
4114.0,9.701420118290752
4115.0,9.699862203943978
4116.0,9.698549066553774
4117.0,9.697568053401337
4118.0,9.696630294992516
4119.0,9.695316797341546
4120.0,9.693517727922574
4121.0,9.691736438170418
4122.0,9.689779797958474
4123.0,9.687689727904479
4124.0,9.685822900814017
4125.0,9.68425725840875
4126.0,9.682370223664066
4127.0,9.680192762322354
4128.0,9.678102771780766
4129.0,9.675676977741965
4130.0,9.67293547002269
4131.0,9.668737411727559
4132.0,9.664922817540512
4133.0,9.661122552749127
4134.0,9.658118665995922
4135.0,9.655557286139977
4136.0,9.652962000138736
4137.0,9.651282031651736
4138.0,9.650091584174298
4139.0,9.649281272576458
4140.0,9.649371456218365
4141.0,9.650199678541673
4142.0,9.650523093190865
4143.0,9.650669818473515
4144.0,9.650859799140523
4145.0,9.650912212009336
4146.0,9.650625403539618
4147.0,9.650513997880388
4148.0,9.650855372021846
4149.0,9.650420423261389
4150.0,9.649709940135947
4151.0,9.649026162101704
4152.0,9.648240922170912
4153.0,9.647606164866774
4154.0,9.647611547643612
4155.0,9.647661819818225
4156.0,9.64817330859354
4157.0,9.648356989369148
4158.0,9.647887878006774
4159.0,9.64795916225141
4160.0,9.64797529945943
4161.0,9.647667658848112
4162.0,9.6464760595977
4163.0,9.645474180589634
4164.0,9.644946486904386
4165.0,9.645019732874546
4166.0,9.644371847867367
4167.0,9.642803806931127
4168.0,9.641015651078483
4169.0,9.639526252234305
4170.0,9.638174914299924
4171.0,9.637339142847905
4172.0,9.636119118320627
4173.0,9.635344440975155
4174.0,9.63461510180131
4175.0,9.633452355166607
4176.0,9.632468953416307
4177.0,9.631188513563432
4178.0,9.630596567044346
4179.0,9.630420927810784
4180.0,9.630515520752978
4181.0,9.630463929589332
4182.0,9.629564922877895
4183.0,9.628279772267751
4184.0,9.627090897516032
4185.0,9.62469822294893
4186.0,9.622260851255206
4187.0,9.620221932143725
4188.0,9.617968246838931
4189.0,9.615935065557949
4190.0,9.613428506147574
4191.0,9.611399976110185
4192.0,9.609815209969623
4193.0,9.60857494415593
4194.0,9.607050678584624
4195.0,9.606068878683478
4196.0,9.604974268104966
4197.0,9.605262093052499
4198.0,9.60609403608652
4199.0,9.607071231223362
4200.0,9.608308458430555
4201.0,9.609641069442823
4202.0,9.611167474728827
4203.0,9.611695396875023
4204.0,9.612587827008378
4205.0,9.613993720410352
4206.0,9.615603872707258
4207.0,9.616903618602581
4208.0,9.61751362921387
4209.0,9.618007283852736
4210.0,9.61761333707042
4211.0,9.616970272933425
4212.0,9.616538567244731
4213.0,9.615652628517177
4214.0,9.614458916533321
4215.0,9.613054231741682
4216.0,9.6113327145774
4217.0,9.610306434554417
4218.0,9.609866804800305
4219.0,9.610225099804005
4220.0,9.610360473452479
4221.0,9.610930880333019
4222.0,9.611860025386722
4223.0,9.612607380812632
4224.0,9.612556530974164
4225.0,9.612895817834465
4226.0,9.612935881008587
4227.0,9.612502019069572
4228.0,9.612409063157813
4229.0,9.613212227729846
4230.0,9.614141010418294
4231.0,9.614874771263015
4232.0,9.614566315801026
4233.0,9.614194531506264
4234.0,9.613780338901568
4235.0,9.614122159916977
4236.0,9.61436525899391
4237.0,9.614325860059976
4238.0,9.614062308602463
4239.0,9.61406178285966
4240.0,9.614190926241198
4241.0,9.614789032616473
4242.0,9.614383283264047
4243.0,9.613198217987657
4244.0,9.611723667540355
4245.0,9.610281836740057
4246.0,9.608576838276283
4247.0,9.606426598821871
4248.0,9.603958932709084
4249.0,9.601463155989624
4250.0,9.59880721896187
4251.0,9.595247748206914
4252.0,9.592124896138976
4253.0,9.589286749010126
4254.0,9.586642445151103
4255.0,9.584625960034252
4256.0,9.582846905790595
4257.0,9.58125220577102
4258.0,9.579460647213548
4259.0,9.577351816368054
4260.0,9.575265059436601
4261.0,9.573408965190694
4262.0,9.571216435747292
4263.0,9.568632492870115
4264.0,9.565511927442412
4265.0,9.562817721101748
4266.0,9.559951225307609
4267.0,9.556984213880206
4268.0,9.553989115303844
4269.0,9.550466222331545
4270.0,9.546779895024832
4271.0,9.542728505972155
4272.0,9.538262466117178
4273.0,9.533359816227659
4274.0,9.529064211452175
4275.0,9.52479561603451
4276.0,9.520794765422758
4277.0,9.517605932488937
4278.0,9.514975874057177
4279.0,9.512418695455098
4280.0,9.510021181498882
4281.0,9.507914874737184
4282.0,9.506048265671202
4283.0,9.504131464988676
4284.0,9.501624457118268
4285.0,9.499222575950194
4286.0,9.496316823186351
4287.0,9.494117243103252
4288.0,9.491390580051972
4289.0,9.489311498553604
4290.0,9.48666942475381
4291.0,9.484649690358705
4292.0,9.483020901003636
4293.0,9.48177344988484
4294.0,9.481455707818885
4295.0,9.480808615132435
4296.0,9.480406341111207
4297.0,9.479182472109924
4298.0,9.478527592560122
4299.0,9.478109944580105
4300.0,9.47697135025164
4301.0,9.475408064167848
4302.0,9.474377482440978
4303.0,9.472808198156777
4304.0,9.471190734483534
4305.0,9.469580063517549
4306.0,9.467483776383249
4307.0,9.465848357194336
4308.0,9.464708493675387
4309.0,9.463132799608344
4310.0,9.461925277779036
4311.0,9.46108693911411
4312.0,9.46083403086275
4313.0,9.459919491628966
4314.0,9.458465378837372
4315.0,9.457686882606115
4316.0,9.457012593225066
4317.0,9.456592052167196
4318.0,9.456078601036788
4319.0,9.455776588239218
4320.0,9.455051356216968
4321.0,9.454070527223454
4322.0,9.452932020678503
4323.0,9.451926395213388
4324.0,9.452088615578408
4325.0,9.45247637506318
4326.0,9.452191777010453
4327.0,9.451845443248628
4328.0,9.451415829937286
4329.0,9.451116817200013
4330.0,9.451490067281156
4331.0,9.451416415454686
4332.0,9.451821327068743
4333.0,9.45122081275663
4334.0,9.451312405955667
4335.0,9.45155184699235
4336.0,9.45102964697104
4337.0,9.450294143330261
4338.0,9.449838012702903
4339.0,9.44928936138183
4340.0,9.44921874404478
4341.0,9.449016916112667
4342.0,9.449396570818552
4343.0,9.449491580778057
4344.0,9.44942039088169
4345.0,9.449976058709082
4346.0,9.450372550212666
4347.0,9.451545392726032
4348.0,9.452340271355334
4349.0,9.453067150257981
4350.0,9.454079684879032
4351.0,9.455020260060975
4352.0,9.456369130555125
4353.0,9.457854590425514
4354.0,9.459332338883844
4355.0,9.461455337119865
4356.0,9.464191372464075
4357.0,9.466950282679337
4358.0,9.469055570851996
4359.0,9.471596189502904
4360.0,9.473623677906355
4361.0,9.47555283930247
4362.0,9.477129901639254
4363.0,9.478851762206832
4364.0,9.47996011617681
4365.0,9.480478933415291
4366.0,9.48079570419079
4367.0,9.480925329491603
4368.0,9.480865858665377
4369.0,9.480689854877715
4370.0,9.480947583945268
4371.0,9.480891058426902
4372.0,9.481023268296633
4373.0,9.481251979904549
4374.0,9.480653282432488
4375.0,9.480370808973829
4376.0,9.481222883992473
4377.0,9.48163301891342
4378.0,9.48199339657487
4379.0,9.482290764919375
4380.0,9.48297456368289
4381.0,9.484303067741914
4382.0,9.485531214820726
4383.0,9.4868844502191
4384.0,9.488213640414022
4385.0,9.489511174031842
4386.0,9.490774020724889
4387.0,9.492045039789067
4388.0,9.492615608417246
4389.0,9.492912766075932
4390.0,9.492860534446923
4391.0,9.491840340821938
4392.0,9.491573634517135
4393.0,9.491577044016932
4394.0,9.491512084935783
4395.0,9.491531429596138
4396.0,9.492089469925322
4397.0,9.49264849203813
4398.0,9.492592442935976
4399.0,9.493577622505569
4400.0,9.495007231254087
4401.0,9.496002910486
4402.0,9.49702268832031
4403.0,9.497835308478752
4404.0,9.499490790319955
4405.0,9.500975253752346
4406.0,9.501948765108677
4407.0,9.50319288479513
4408.0,9.505214893311818
4409.0,9.506816573527642
4410.0,9.508444504609765
4411.0,9.51046441871223
4412.0,9.512994164498384
4413.0,9.516739696554664
4414.0,9.519671022741214
4415.0,9.521437996993914
4416.0,9.522694749880518
4417.0,9.525189091248398
4418.0,9.527400383769201
4419.0,9.529551111348848
4420.0,9.531131005426563
4421.0,9.53273477173998
4422.0,9.535214599969146
4423.0,9.536524323684631
4424.0,9.538382434540384
4425.0,9.540376914505742
4426.0,9.541836255065258
4427.0,9.54345053089397
4428.0,9.54456887600928
4429.0,9.545823209957154
4430.0,9.546609355995896
4431.0,9.547164278718133
4432.0,9.548669989213339
4433.0,9.551009567079834
4434.0,9.552456653383773
4435.0,9.554756197908143
4436.0,9.55711374946787
4437.0,9.559461731942566
4438.0,9.56257546558242
4439.0,9.565504058014229
4440.0,9.568095910220851
4441.0,9.570621016705772
4442.0,9.572988174504827
4443.0,9.576008528313293
4444.0,9.579174666680766
4445.0,9.581578989163539
4446.0,9.584438443483243
4447.0,9.585992184436208
4448.0,9.587284559768745
4449.0,9.588366049557393
4450.0,9.589647299241712
4451.0,9.590732929649663
4452.0,9.591350122567649
4453.0,9.592777165277791
4454.0,9.593688778699761
4455.0,9.594470841228574
4456.0,9.595160505329202
4457.0,9.596113365748282
4458.0,9.597083869723047
4459.0,9.597682929284183
4460.0,9.597418571166319
4461.0,9.597668291139597
4462.0,9.5983815574162
4463.0,9.59976520150316
4464.0,9.60141512107165
4465.0,9.60341676380942
4466.0,9.605775964926375
4467.0,9.608011055100286
4468.0,9.609461146277456
4469.0,9.610019030544104
4470.0,9.610445214708804
4471.0,9.610823511661103
4472.0,9.610960097114601
4473.0,9.61115086398551
4474.0,9.61153277588541
4475.0,9.611555965611732
4476.0,9.612602025387565
4477.0,9.613932810867407
4478.0,9.61545460696292
4479.0,9.616393373379488
4480.0,9.616884164085754
4481.0,9.61711875304784
4482.0,9.617927319718905
4483.0,9.61838180576364
4484.0,9.61802729688579
4485.0,9.61723210675049
4486.0,9.616629677375936
4487.0,9.615768927520426
4488.0,9.614584000144042
4489.0,9.612784961974294
4490.0,9.610386701002625
4491.0,9.607765466903045
4492.0,9.605407423606918
4493.0,9.602938676275118
4494.0,9.600544271700569
4495.0,9.598051024723686
4496.0,9.595165044865881
4497.0,9.59170939023093
4498.0,9.588711334836008
4499.0,9.586093636879427
4500.0,9.584129146624733
4501.0,9.582725330554352
4502.0,9.580885747173397
4503.0,9.579182404940326
4504.0,9.576687090905613
4505.0,9.573680653467623
4506.0,9.570751702431304
4507.0,9.568009877929127
4508.0,9.565944026560496
4509.0,9.563643014275037
4510.0,9.560799974187752
4511.0,9.558401781788357
4512.0,9.556332707113762
4513.0,9.55425871587989
4514.0,9.552335392276575
4515.0,9.550274554429526
4516.0,9.548315995139236
4517.0,9.546198982209775
4518.0,9.544645213657496
4519.0,9.543038454443268
4520.0,9.541095539159594
4521.0,9.539057509040385
4522.0,9.53749892593407
4523.0,9.536562074925454
4524.0,9.53539186835175
4525.0,9.53396666574245
4526.0,9.53231627890264
4527.0,9.529548764416084
4528.0,9.526478867799415
4529.0,9.52321786099702
4530.0,9.519873526211667
4531.0,9.516766400769663
4532.0,9.514119514181411
4533.0,9.510712345101775
4534.0,9.50771118243652
4535.0,9.504495401502485
4536.0,9.5022171802098
4537.0,9.49930868461494
4538.0,9.4966192751995
4539.0,9.49352630064946
4540.0,9.490725710204194
4541.0,9.4877701241021
4542.0,9.484433669980392
4543.0,9.480474230503974
4544.0,9.476216473907373
4545.0,9.472246408144283
4546.0,9.468522848495173
4547.0,9.464874256230699
4548.0,9.460797270162978
4549.0,9.456457914746379
4550.0,9.452575806658528
4551.0,9.449117464832975
4552.0,9.446507123837486
4553.0,9.444401000797212
4554.0,9.441609637835308
4555.0,9.438927456747598
4556.0,9.436714968880105
4557.0,9.434508648547578
4558.0,9.432082348498907
4559.0,9.430267791785269
4560.0,9.428492032703323
4561.0,9.426971868099043
4562.0,9.425400834031548
4563.0,9.423421697953211
4564.0,9.421139257853403
4565.0,9.418679309028517
4566.0,9.416228195487387
4567.0,9.413534414331817
4568.0,9.411175643568566
4569.0,9.408941258582923
4570.0,9.40676873741771
4571.0,9.404888398188557
4572.0,9.40308696909319
4573.0,9.401521769319563
4574.0,9.399626942390185
4575.0,9.39795968953045
4576.0,9.396351093218685
4577.0,9.394632969618383
4578.0,9.392848047236138
4579.0,9.390694426730319
4580.0,9.38854630415311
4581.0,9.386456468082933
4582.0,9.383947922956816
4583.0,9.382457335923736
4584.0,9.380746375149302
4585.0,9.378705593155313
4586.0,9.377524361687437
4587.0,9.37698373647412
4588.0,9.37567377341361
4589.0,9.374091007182065
4590.0,9.371903036469016
4591.0,9.36972247654971
4592.0,9.367426391510735
4593.0,9.365584052033576
4594.0,9.363637091838392
4595.0,9.361945501126087
4596.0,9.36057488140471
4597.0,9.358289130688634
4598.0,9.356614562793194
4599.0,9.354499039191888
4600.0,9.352043776641477
4601.0,9.349236708070674
4602.0,9.346457020498745
4603.0,9.34345870393252
4604.0,9.340530137293415
4605.0,9.337084066171684
4606.0,9.33439004655985
4607.0,9.331358484179937
4608.0,9.328089857003937
4609.0,9.3248180508564
4610.0,9.322000658361539
4611.0,9.319743263639324
4612.0,9.317867489740223
4613.0,9.31614601469514
4614.0,9.31490013518417
4615.0,9.314190334338411
4616.0,9.313621193029851
4617.0,9.312989520766546
4618.0,9.312475750694139
4619.0,9.312030826181015
4620.0,9.31165670651161
4621.0,9.311560204286868
4622.0,9.310950236138194
4623.0,9.310130494075375
4624.0,9.310318658864428
4625.0,9.309855948493546
4626.0,9.308852772286217
4627.0,9.30835353020396
4628.0,9.307943980071489
4629.0,9.307326192917914
4630.0,9.306753336060018
4631.0,9.3059402569203
4632.0,9.304849231737396
4633.0,9.303495855531242
4634.0,9.301634404568338
4635.0,9.2997459704954
4636.0,9.297250885851703
4637.0,9.295006941764758
4638.0,9.292701453279
4639.0,9.289819828133272
4640.0,9.287377115292479
4641.0,9.285397081659221
4642.0,9.283085113936142
4643.0,9.280666123067352
4644.0,9.2782802764427
4645.0,9.276002042693763
4646.0,9.273362968146259
4647.0,9.270424018484901
4648.0,9.26752029026503
4649.0,9.264554995273453
4650.0,9.260935318975774
4651.0,9.25702037069866
4652.0,9.253551607059283
4653.0,9.250410789063567
4654.0,9.246850448860759
4655.0,9.242656003020695
4656.0,9.238416941864482
4657.0,9.234574301084692
4658.0,9.229480900500286
4659.0,9.223267011060589
4660.0,9.216952048572042
4661.0,9.210650139089651
4662.0,9.203824786547058
4663.0,9.19654960279244
4664.0,9.189715334184031
4665.0,9.182697907111192
4666.0,9.175761544767788
4667.0,9.16835163029608
4668.0,9.161865200159518
4669.0,9.155666391474941
4670.0,9.149228400081316
4671.0,9.142911097169616
4672.0,9.13619465086207
4673.0,9.130453399433083
4674.0,9.124404802710465
4675.0,9.1187842866222
4676.0,9.112815124782113
4677.0,9.10652082128911
4678.0,9.100479150228367
4679.0,9.094438445062336
4680.0,9.089276257748953
4681.0,9.083959671635933
4682.0,9.07766223518564
4683.0,9.070695742223354
4684.0,9.063901646037918
4685.0,9.057128360050683
4686.0,9.050126637578307
4687.0,9.043406160233719
4688.0,9.035930966152273
4689.0,9.029126578641012
4690.0,9.023093386223648
4691.0,9.017068256814527
4692.0,9.011411362025806
4693.0,9.005863202488513
4694.0,9.000457010214616
4695.0,8.995286753596593
4696.0,8.989812358491793
4697.0,8.98497851817654
4698.0,8.979802859010949
4699.0,8.974441694359825
4700.0,8.968534500301399
4701.0,8.962500966656744
4702.0,8.956447826113937
4703.0,8.949478665972256
4704.0,8.942530218505262
4705.0,8.935386985598392
4706.0,8.928549671219299
4707.0,8.921722637694668
4708.0,8.914766189454951
4709.0,8.90770861515555
4710.0,8.901541787950455
4711.0,8.895058166617241
4712.0,8.888042226186359
4713.0,8.880925253658889
4714.0,8.874477277409678
4715.0,8.868291768106264
4716.0,8.862097204497978
4717.0,8.855825088858037
4718.0,8.849952867355032
4719.0,8.844564775080766
4720.0,8.839600032619392
4721.0,8.833935508185599
4722.0,8.828500588176272
4723.0,8.82355877295185
4724.0,8.819421195133696
4725.0,8.81560157442742
4726.0,8.811411075756835
4727.0,8.807659937906978
4728.0,8.803242505970644
4729.0,8.799015926057866
4730.0,8.795269453971848
4731.0,8.7919919078303
4732.0,8.78917596709645
4733.0,8.78643497561636
4734.0,8.784266666548984
4735.0,8.78220342492893
4736.0,8.780349366732814
4737.0,8.779158001780688
4738.0,8.777974496520642
4739.0,8.776012093693183
4740.0,8.774056858563826
4741.0,8.772005034208178
4742.0,8.77025931853186
4743.0,8.768573998892785
4744.0,8.76730086803414
4745.0,8.766088848705316
4746.0,8.765565004716892
4747.0,8.764638805892702
4748.0,8.763541553738792
4749.0,8.762231422106836
4750.0,8.760481278757785
4751.0,8.75882753003574
4752.0,8.757155745292428
4753.0,8.755402245919846
4754.0,8.753867759320121
4755.0,8.75270101924129
4756.0,8.751402702822743
4757.0,8.750148686551706
4758.0,8.74855700518674
4759.0,8.747100924690557
4760.0,8.745768009695677
4761.0,8.74408388088426
4762.0,8.742472656680034
4763.0,8.740489413284367
4764.0,8.739281565963218
4765.0,8.738749720700547
4766.0,8.737828927532238
4767.0,8.737310253709103
4768.0,8.736803112791161
4769.0,8.736230813802976
4770.0,8.736173086829327
4771.0,8.736303277911025
4772.0,8.736342770368545
4773.0,8.736103821881771
4774.0,8.73582600536477
4775.0,8.735012943986272
4776.0,8.734217649513631
4777.0,8.73354480070396
4778.0,8.733235213279501
4779.0,8.733369441394744
4780.0,8.732905321989376
4781.0,8.732078251982195
4782.0,8.73062301001905
4783.0,8.729696132585175
4784.0,8.728596319788664
4785.0,8.726655996442119
4786.0,8.72489449071552
4787.0,8.723448848010575
4788.0,8.722375292167571
4789.0,8.72122156789127
4790.0,8.719900211659837
4791.0,8.718588178375628
4792.0,8.717062698289556
4793.0,8.716065296594461
4794.0,8.715146619315737
4795.0,8.713457697016771
4796.0,8.711350843483114
4797.0,8.70968965866362
4798.0,8.708226995698555
4799.0,8.706721853639023
4800.0,8.705447561376989
4801.0,8.7040706370831
4802.0,8.701851078243825
4803.0,8.698922349381569
4804.0,8.69669497087947
4805.0,8.693730122599773
4806.0,8.690207056746093
4807.0,8.685723536703334
4808.0,8.68122246510315
4809.0,8.676836047162043
4810.0,8.67242757991116
4811.0,8.667675751980791
4812.0,8.662709103825772
4813.0,8.658710950788889
4814.0,8.655512381505167
4815.0,8.651927315351587
4816.0,8.647901718405366
4817.0,8.64381608466916
4818.0,8.639516197050737
4819.0,8.635152707673306
4820.0,8.630396393681286
4821.0,8.625565596642213
4822.0,8.621088335292905
4823.0,8.616310506454184
4824.0,8.611315890198993
4825.0,8.605938063208868
4826.0,8.600806288694049
4827.0,8.59595711475091
4828.0,8.591636435501966
4829.0,8.587966057462294
4830.0,8.583543195161779
4831.0,8.57943439682316
4832.0,8.575175312129836
4833.0,8.57002030429235
4834.0,8.564868386543836
4835.0,8.560037962773308
4836.0,8.555228453419554
4837.0,8.550426268818446
4838.0,8.546105180633782
4839.0,8.54222353267754
4840.0,8.538916491470326
4841.0,8.53604482563675
4842.0,8.533049077429629
4843.0,8.53026691318138
4844.0,8.5281008996484
4845.0,8.525135684613424
4846.0,8.522055974760054
4847.0,8.519658506170453
4848.0,8.517109802816748
4849.0,8.51468449567966
4850.0,8.51227330784766
4851.0,8.509830711695738
4852.0,8.507416276233213
4853.0,8.505195333193507
4854.0,8.502882999668971
4855.0,8.50087882858457
4856.0,8.498416603554233
4857.0,8.496094088614827
4858.0,8.493735160071598
4859.0,8.491115348485039
4860.0,8.488521457408758
4861.0,8.485632658746452
4862.0,8.482293933461362
4863.0,8.478673677799998
4864.0,8.474799919856178
4865.0,8.470783003840637
4866.0,8.46699416210883
4867.0,8.46349895443898
4868.0,8.460027329781305
4869.0,8.456573996214038
4870.0,8.453035019738055
4871.0,8.449405306809144
4872.0,8.446152020848372
4873.0,8.442898141238368
4874.0,8.43916305189292
4875.0,8.435990059169871
4876.0,8.433177367930265
4877.0,8.430767027411008
4878.0,8.427909497824476
4879.0,8.425152991951544
4880.0,8.422610677186507
4881.0,8.420120937779336
4882.0,8.41744000688176
4883.0,8.415029116456394
4884.0,8.411925455946141
4885.0,8.40808134628001
4886.0,8.404970980818987
4887.0,8.401856606706579
4888.0,8.398632581229286
4889.0,8.39598940002684
4890.0,8.393641685101656
4891.0,8.390665822872338
4892.0,8.387874258681665
4893.0,8.384555810525859
4894.0,8.381555966856197
4895.0,8.378365648765032
4896.0,8.374762544022765
4897.0,8.371174801391813
4898.0,8.367870771887427
4899.0,8.364320609750106
4900.0,8.36098538531057
4901.0,8.357954573153819
4902.0,8.355084913546996
4903.0,8.352403866711473
4904.0,8.349657514422457
4905.0,8.34738153685209
4906.0,8.345478886075524
4907.0,8.343753735741512
4908.0,8.34273216430899
4909.0,8.342262714294518
4910.0,8.34189946471891
4911.0,8.341282177726644
4912.0,8.340909023067626
4913.0,8.340642071842193
4914.0,8.340550579664113
4915.0,8.341314100226004
4916.0,8.34244374747479
4917.0,8.343381875237565
4918.0,8.343392472632624
4919.0,8.343595892762918
4920.0,8.344494095279789
4921.0,8.345762743525711
4922.0,8.346947395007305
4923.0,8.347666205979118
4924.0,8.348390409586415
4925.0,8.349549233007027
4926.0,8.350866823395659
4927.0,8.352104604862062
4928.0,8.353323970121938
4929.0,8.35466084805345
4930.0,8.355293035675974
4931.0,8.355674191961599
4932.0,8.356339468332044
4933.0,8.357135021510096
4934.0,8.358192060579912
4935.0,8.35905777195341
4936.0,8.360132558953696
4937.0,8.36039025754573
4938.0,8.360317903592824
4939.0,8.36002543045155
4940.0,8.360046921135918
4941.0,8.360463970043533
4942.0,8.361150159606932
4943.0,8.361876046349343
4944.0,8.3621377654684
4945.0,8.362148150551473
4946.0,8.362138002189873
4947.0,8.361395123640486
4948.0,8.36058379312022
4949.0,8.360704182347455
4950.0,8.36126651762735
4951.0,8.361622829578018
4952.0,8.362125859296691
4953.0,8.363659487031791
4954.0,8.364650099373609
4955.0,8.365686124287711
4956.0,8.366878736440205
4957.0,8.367857415879383
4958.0,8.369191315777268
4959.0,8.369885517079126
4960.0,8.370166159590045
4961.0,8.370534698574586
4962.0,8.370814581985963
4963.0,8.370443153089123
4964.0,8.36901947830374
4965.0,8.367323648034695
4966.0,8.365067865010902
4967.0,8.363089259683862
4968.0,8.360871228349092
4969.0,8.358667517747898
4970.0,8.356378052502633
4971.0,8.354389423789971
4972.0,8.35236211852401
4973.0,8.350406658852362
4974.0,8.34715468238696
4975.0,8.343681184808565
4976.0,8.3402918236785
4977.0,8.336205592648517
4978.0,8.33159536733534
4979.0,8.327086651135
4980.0,8.323006437026558
4981.0,8.318353186631377
4982.0,8.313371773440164
4983.0,8.308629461508318
4984.0,8.30391565140149
4985.0,8.29951612807272
4986.0,8.295189210380602
4987.0,8.29116094755105
4988.0,8.2877338714049
4989.0,8.284655601573164
4990.0,8.282182856266823
4991.0,8.279981466479995
4992.0,8.278100352929531
4993.0,8.276759260388356
4994.0,8.27538652959871
4995.0,8.27411505743888
4996.0,8.27204794430566
4997.0,8.271061221066068
4998.0,8.270224138939822
4999.0,8.269310353501064
5000.0,8.267994806582811
5001.0,8.266238321403526
5002.0,8.265361299164178
5003.0,8.26467239688265
5004.0,8.264260728380496
5005.0,8.263740428333776
5006.0,8.263109036175289
5007.0,8.261976678573951
5008.0,8.260418888679604
5009.0,8.258409258548115
5010.0,8.256719959194715
5011.0,8.254796815935906
5012.0,8.253045883927525
5013.0,8.252027948791472
5014.0,8.250377856239634
5015.0,8.24815269808668
5016.0,8.246291964253828
5017.0,8.244454498166819
5018.0,8.241913644145223
5019.0,8.239817183997808
5020.0,8.237405302805731
5021.0,8.23493883006346
5022.0,8.232624690180167
5023.0,8.230684897180684
5024.0,8.228992862304272
5025.0,8.2279448851567
5026.0,8.226568692296782
5027.0,8.225113253928152
5028.0,8.223111090598936
5029.0,8.220952035205276
5030.0,8.219653780880048
5031.0,8.218245836633775
5032.0,8.216954975757789
5033.0,8.215817523840093
5034.0,8.215103344836823
5035.0,8.215708237386849
5036.0,8.215093091409923
5037.0,8.214044060335885
5038.0,8.212605919793225
5039.0,8.210886027807671
5040.0,8.208861892520158
5041.0,8.20719196166805
5042.0,8.205264436211216
5043.0,8.202832689385913
5044.0,8.20024712677651
5045.0,8.19797434060203
5046.0,8.19687347802359
5047.0,8.195068285358529
5048.0,8.19329395190642
5049.0,8.192236575570199
5050.0,8.190810125618448
5051.0,8.188876968193476
5052.0,8.186929199021282
5053.0,8.185111683542152
5054.0,8.183311890869717
5055.0,8.18220769705674
5056.0,8.181030846578764
5057.0,8.180389627201587
5058.0,8.179714608351892
5059.0,8.17888645710836
5060.0,8.178267426207091
5061.0,8.177675008456768
5062.0,8.176924428970398
5063.0,8.17589746787309
5064.0,8.17422058798606
5065.0,8.173084339532899
5066.0,8.172519916168634
5067.0,8.172395285939205
5068.0,8.172404605137261
5069.0,8.172826322374233
5070.0,8.173516106317129
5071.0,8.174402392220179
5072.0,8.174852796229976
5073.0,8.175064435414631
5074.0,8.17518121805169
5075.0,8.174996887528323
5076.0,8.174843985645982
5077.0,8.174654212494975
5078.0,8.174542782215351
5079.0,8.173882592554163
5080.0,8.173747822922854
5081.0,8.173383648061453
5082.0,8.172738020583893
5083.0,8.172383482206008
5084.0,8.172024658994522
5085.0,8.171297659192206
5086.0,8.17045359963566
5087.0,8.169890701796469
5088.0,8.169536211722537
5089.0,8.168698364925932
5090.0,8.167467628690076
5091.0,8.166188930437453
5092.0,8.165232931333314
5093.0,8.164533457787186
5094.0,8.163697511382061
5095.0,8.16305257157407
5096.0,8.16276257239661
5097.0,8.162202950474391
5098.0,8.161634552226374
5099.0,8.16202293070811
5100.0,8.163058244896115
5101.0,8.16409613912523
5102.0,8.164798645276125
5103.0,8.165655372980403
5104.0,8.166789514389809
5105.0,8.167871241413467
5106.0,8.1685587045162
5107.0,8.169298827988078
5108.0,8.170416984650037
5109.0,8.172052717253688
5110.0,8.173390767806504
5111.0,8.174392136323698
5112.0,8.175979607347262
5113.0,8.176605779432888
5114.0,8.176816858019807
5115.0,8.177341070969042
5116.0,8.177180528326323
5117.0,8.177351941588984
5118.0,8.177817857367906
5119.0,8.178884909303317
5120.0,8.179467701452177
5121.0,8.179956802306375
5122.0,8.180029121240198
5123.0,8.180584357611963
5124.0,8.180650343704826
5125.0,8.179998270980022
5126.0,8.178845593434904
5127.0,8.177026979886811
5128.0,8.176020531586445
5129.0,8.17482706708769
5130.0,8.17336503767988
5131.0,8.171561458235251
5132.0,8.168969151572218
5133.0,8.16601641041692
5134.0,8.163924480841324
5135.0,8.162623076543712
5136.0,8.1617385019258
5137.0,8.160276256491068
5138.0,8.158983255274126
5139.0,8.157139102096236
5140.0,8.155034217485817
5141.0,8.153671610256533
5142.0,8.152154807596032
5143.0,8.150718779318298
5144.0,8.149282482263624
5145.0,8.147814830404453
5146.0,8.146861206147198
5147.0,8.145606694647054
5148.0,8.144366400275981
5149.0,8.142696512378762
5150.0,8.140708901818451
5151.0,8.138511411574207
5152.0,8.135795984193315
5153.0,8.13255896360372
5154.0,8.129544242401005
5155.0,8.12663864384705
5156.0,8.123013747052859
5157.0,8.118128544958187
5158.0,8.113885206531958
5159.0,8.109892796058372
5160.0,8.105829498496162
5161.0,8.102673328284187
5162.0,8.099841158890731
5163.0,8.096248384008485
5164.0,8.092942156279038
5165.0,8.089316651904008
5166.0,8.086140465083403
5167.0,8.083189098430344
5168.0,8.08079795965053
5169.0,8.077808718144485
5170.0,8.074536399669835
5171.0,8.070574164637069
5172.0,8.066096947534003
5173.0,8.062060275136242
5174.0,8.057612748414472
5175.0,8.052739380313998
5176.0,8.048268902582256
5177.0,8.044207759765047
5178.0,8.040997251058645
5179.0,8.037603223301298
5180.0,8.034689446482096
5181.0,8.03211371439173
5182.0,8.030079597112195
5183.0,8.028120030407493
5184.0,8.026600889698893
5185.0,8.0250049376835
5186.0,8.023931958468099
5187.0,8.023262120606155
5188.0,8.022611401929383
5189.0,8.022061542335518
5190.0,8.020767356957299
5191.0,8.018619865042545
5192.0,8.01527025959744
5193.0,8.011249073594058
5194.0,8.007151658357538
5195.0,8.0034214602168
5196.0,8.000681682220481
5197.0,7.998000219184609
5198.0,7.995774818402569
5199.0,7.992927985034556
5200.0,7.990056713557588
5201.0,7.987365501044187
5202.0,7.984229092708848
5203.0,7.980031589313882
5204.0,7.977261047146708
5205.0,7.974067123320502
5206.0,7.971265161753089
5207.0,7.968526038984432
5208.0,7.965582747514721
5209.0,7.962776768504887
5210.0,7.960692531351047
5211.0,7.9589322869298655
5212.0,7.957091997701008
5213.0,7.955961504203082
5214.0,7.955329710951658
5215.0,7.9551105298764275
5216.0,7.955338874430089
5217.0,7.95531643567809
5218.0,7.955497541974107
5219.0,7.955960895019639
5220.0,7.955791927451262
5221.0,7.955473974422199
5222.0,7.955167729597318
5223.0,7.954214934948853
5224.0,7.953816120592559
5225.0,7.9530851002669385
5226.0,7.9527180956044194
5227.0,7.952371959951589
5228.0,7.952640197705471
5229.0,7.952811186794221
5230.0,7.952616577165823
5231.0,7.952804934787011
5232.0,7.952411020451731
5233.0,7.952671715875048
5234.0,7.952943201946316
5235.0,7.952813827168142
5236.0,7.952043258753409
5237.0,7.951348538412939
5238.0,7.950051995892376
5239.0,7.949128330721875
5240.0,7.9479157215255825
5241.0,7.946919300727693
5242.0,7.9451817944975565
5243.0,7.943354765811152
5244.0,7.9411483977342
5245.0,7.938887166237559
5246.0,7.936976492518599
5247.0,7.9347476422348935
5248.0,7.9316777318252045
5249.0,7.928712023106613
5250.0,7.926118026567143
5251.0,7.923254701880242
5252.0,7.919988843792717
5253.0,7.91691392205735
5254.0,7.914130415543388
5255.0,7.9115173097546965
5256.0,7.909093839646427
5257.0,7.907097188843887
5258.0,7.90553634825533
5259.0,7.904218100151752
5260.0,7.902598669408346
5261.0,7.901983162431087
5262.0,7.901473314861909
5263.0,7.900718370722868
5264.0,7.899941494591942
5265.0,7.8995809094547385
5266.0,7.899176632454342
5267.0,7.898605093384574
5268.0,7.898026460723493
5269.0,7.897418659105141
5270.0,7.897054957113325
5271.0,7.896899709126412
5272.0,7.896909407180257
5273.0,7.8968920865611665
5274.0,7.896903963935319
5275.0,7.896753232168367
5276.0,7.896794165216656
5277.0,7.897762254133424
5278.0,7.8987621316377705
5279.0,7.899368967290121
5280.0,7.8992786326755775
5281.0,7.900088562272162
5282.0,7.901541587098776
5283.0,7.902955934917861
5284.0,7.904315620023988
5285.0,7.905169754888722
5286.0,7.905891999906005
5287.0,7.906759335252718
5288.0,7.9076861671170455
5289.0,7.909008106110344
5290.0,7.910327070964147
5291.0,7.91144500135697
5292.0,7.913397016758192
5293.0,7.9154555944726495
5294.0,7.917482025218384
5295.0,7.919604318683662
5296.0,7.921133875435127
5297.0,7.922924967973266
5298.0,7.924543289165746
5299.0,7.925069944464447
5300.0,7.925958772439089
5301.0,7.926546031340814
5302.0,7.927684636111142
5303.0,7.929743076756165
5304.0,7.931164855016081
5305.0,7.932423343571207
5306.0,7.933660501337783
5307.0,7.93530349656744
5308.0,7.937336389349337
5309.0,7.93950731295429
5310.0,7.941719997099748
5311.0,7.943947814810246
5312.0,7.946275017346272
5313.0,7.948245117420659
5314.0,7.950478051593372
5315.0,7.952891080476375
5316.0,7.955038475447836
5317.0,7.956808114989852
5318.0,7.95809375068878
5319.0,7.959157551783386
5320.0,7.960108474151147
5321.0,7.960304703884657
5322.0,7.960432413306242
5323.0,7.960553297866144
5324.0,7.960871311454193
5325.0,7.961451690576285
5326.0,7.9617062638131975
5327.0,7.96169184556038
5328.0,7.962014772429489
5329.0,7.963041772956144
5330.0,7.963817670967227
5331.0,7.965121285346472
5332.0,7.966457827735815
5333.0,7.968228518753092
5334.0,7.969756996984146
5335.0,7.971534314235035
5336.0,7.9730123960880555
5337.0,7.974211628041963
5338.0,7.975480171249499
5339.0,7.978123278460795
5340.0,7.980615068420243
5341.0,7.982651277171285
5342.0,7.984146155831446
5343.0,7.985093326295928
5344.0,7.985385071109594
5345.0,7.98529426719382
5346.0,7.984851662417912
5347.0,7.9852383909061295
5348.0,7.985362893120978
5349.0,7.984893484057937
5350.0,7.984006891037799
5351.0,7.983455658465944
5352.0,7.9834180605025375
5353.0,7.983035362302253
5354.0,7.983033776439282
5355.0,7.982341167020795
5356.0,7.98188997894908
5357.0,7.981422111861867
5358.0,7.981316192243918
5359.0,7.980470438554832
5360.0,7.980445519955838
5361.0,7.9806975095536234
5362.0,7.980910364468536
5363.0,7.982343421401167
5364.0,7.98350315501213
5365.0,7.9843254507767805
5366.0,7.985616653838402
5367.0,7.986150495331392
5368.0,7.985674467220958
5369.0,7.9850210870927345
5370.0,7.984900003415223
5371.0,7.9848423671779205
5372.0,7.984965810073501
5373.0,7.98574548243941
5374.0,7.986855275612454
5375.0,7.988024648914938
5376.0,7.989459303496713
5377.0,7.991396923867541
5378.0,7.992849894805556
5379.0,7.9943205133974535
5380.0,7.995756059978536
5381.0,7.997776458155769
5382.0,8.001023059006373
5383.0,8.004051445061489
5384.0,8.006800950737741
5385.0,8.009280166863332
5386.0,8.011679421413765
5387.0,8.014094594111551
5388.0,8.016242934079091
5389.0,8.019159640252674
5390.0,8.021849788692942
5391.0,8.02409090825573
5392.0,8.02680579740173
5393.0,8.030031352384345
5394.0,8.03279570428582
5395.0,8.03565966603618
5396.0,8.038551305185877
5397.0,8.042514680486068
5398.0,8.046411133074246
5399.0,8.051135969292051
5400.0,8.05614839159435
5401.0,8.061747703877261
5402.0,8.068241824537262
5403.0,8.07493465925372
5404.0,8.082038288159241
5405.0,8.089749737834811
5406.0,8.097166769960626
5407.0,8.105707077376385
5408.0,8.113439446883751
5409.0,8.121224520126585
5410.0,8.128881519026972
5411.0,8.136067316331646
5412.0,8.143392329329771
5413.0,8.15209676886636
5414.0,8.160504865024054
5415.0,8.168072245020543
5416.0,8.17535703185595
5417.0,8.182933065878693
5418.0,8.189765471496603
5419.0,8.196543789152354
5420.0,8.203250062723619
5421.0,8.209824867833488
5422.0,8.216708243114963
5423.0,8.223683044011125
5424.0,8.231246569186695
5425.0,8.238555826358798
5426.0,8.246533644141024
5427.0,8.254637726564725
5428.0,8.261798581411595
5429.0,8.268992793844303
5430.0,8.275949738659396
5431.0,8.282853083588183
5432.0,8.289328414805725
5433.0,8.296240406554091
5434.0,8.30191813820458
5435.0,8.307902594468278
5436.0,8.313556010639003
5437.0,8.318898759403792
5438.0,8.325095428171766
5439.0,8.330947311457756
5440.0,8.337045990524466
5441.0,8.343978939956104
5442.0,8.351772882444747
5443.0,8.35943527700541
5444.0,8.366856261552797
5445.0,8.374317020979042
5446.0,8.380666083722293
5447.0,8.387324197200726
5448.0,8.393690787873888
5449.0,8.399864570101942
5450.0,8.405787041697465
5451.0,8.411613289031655
5452.0,8.41721882815733
5453.0,8.423864045709413
5454.0,8.429787214846385
5455.0,8.436063982728212
5456.0,8.441671953393573
5457.0,8.447410028845168
5458.0,8.453848159709029
5459.0,8.46164908462372
5460.0,8.468641495883334
5461.0,8.475039921601354
5462.0,8.482040499741789
5463.0,8.48854648358486
5464.0,8.494863771044795
5465.0,8.500183314326343
5466.0,8.505438536045315
5467.0,8.510170732012284
5468.0,8.514475648055472
5469.0,8.51852229092728
5470.0,8.523559934923886
5471.0,8.528990629644623
5472.0,8.53469583589213
5473.0,8.541209497107019
5474.0,8.548118694374432
5475.0,8.555956947009886
5476.0,8.563121091879013
5477.0,8.570312093355138
5478.0,8.577193994640536
5479.0,8.583825711355827
5480.0,8.590414693263916
5481.0,8.596947490191582
5482.0,8.6035972349737
5483.0,8.609628672319097
5484.0,8.615477743141161
5485.0,8.621649772537666
5486.0,8.628475172333241
5487.0,8.635153441412209
5488.0,8.642075173349374
5489.0,8.648634935903146
5490.0,8.655261259060968
5491.0,8.661492030087034
5492.0,8.668489927049079
5493.0,8.674619852702921
5494.0,8.681590483507547
5495.0,8.688743388611256
5496.0,8.695458604171707
5497.0,8.702265692383218
5498.0,8.709791531849463
5499.0,8.716974933062545
5500.0,8.724126643370825
5501.0,8.73142763500689
5502.0,8.738216398367575
5503.0,8.744917967302733
5504.0,8.750985039944203
5505.0,8.756940283680951
5506.0,8.762498360557409
5507.0,8.768495069808935
5508.0,8.774278849322966
5509.0,8.780307580367257
5510.0,8.78621748167656
5511.0,8.791529878497547
5512.0,8.7964294668332
5513.0,8.80090981782341
5514.0,8.805533258528108
5515.0,8.810070267223939
5516.0,8.814884956593678
5517.0,8.819907520760236
5518.0,8.825037461086085
5519.0,8.83009729495109
5520.0,8.833933924955915
5521.0,8.837300260082014
5522.0,8.840105080895006
5523.0,8.8436227274094
5524.0,8.847187684244872
5525.0,8.850313277127427
5526.0,8.85329517727066
5527.0,8.855261889953276
5528.0,8.85775145498951
5529.0,8.860769675824994
5530.0,8.863524703196264
5531.0,8.866112861975258
5532.0,8.867773718621555
5533.0,8.869123781398988
5534.0,8.870440258191381
5535.0,8.871746269890252
5536.0,8.873788650625773
5537.0,8.876172216385674
5538.0,8.878382242382127
5539.0,8.880629144506715
5540.0,8.883378992073954
5541.0,8.886180761264999
5542.0,8.88882877442718
5543.0,8.892030577206016
5544.0,8.895365904893934
5545.0,8.898713991657775
5546.0,8.90212647153811
5547.0,8.90611611613448
5548.0,8.910739498113886
5549.0,8.915335758261753
5550.0,8.919280133305726
5551.0,8.924112896950357
5552.0,8.928364821565168
5553.0,8.932008542098266
5554.0,8.93619437483134
5555.0,8.940628271904375
5556.0,8.945358572986699
5557.0,8.9504516084698
5558.0,8.954957873097726
5559.0,8.958984385832034
5560.0,8.963128466170184
5561.0,8.967050296220034
5562.0,8.970616539415202
5563.0,8.974153450720253
5564.0,8.97814719225398
5565.0,8.982186941584928
5566.0,8.986136094351167
5567.0,8.990177566491075
5568.0,8.994391526580655
5569.0,8.998526912985714
5570.0,9.002656543269831
5571.0,9.007071941662113
5572.0,9.01164074519355
5573.0,9.01634257772248
5574.0,9.020758465658108
5575.0,9.025107055904936
5576.0,9.029377735358372
5577.0,9.034033738802353
5578.0,9.037349289975662
5579.0,9.040525856471943
5580.0,9.043471178309229
5581.0,9.046258077130563
5582.0,9.04969925924153
5583.0,9.052891661861322
5584.0,9.056190966231004
5585.0,9.059538510896116
5586.0,9.06336035929369
5587.0,9.067613721295775
5588.0,9.07164110578893
5589.0,9.075172996846534
5590.0,9.079033986155922
5591.0,9.083202782850753
5592.0,9.087205479004274
5593.0,9.090804657648814
5594.0,9.094604322183452
5595.0,9.098480916446126
5596.0,9.101636705510861
5597.0,9.104236846723087
5598.0,9.107586885661021
5599.0,9.11072423504059
5600.0,9.114086589084476
5601.0,9.116250753164937
5602.0,9.118068349769418
5603.0,9.120437403987745
5604.0,9.121898996811021
5605.0,9.12370107154194
5606.0,9.124922078314745
5607.0,9.126184411456162
5608.0,9.127201570613705
5609.0,9.128128550831553
5610.0,9.128324848947237
5611.0,9.128544954178741
5612.0,9.128920749510002
5613.0,9.128699423824573
5614.0,9.128930378834076
5615.0,9.129591949183906
5616.0,9.130389333252957
5617.0,9.131595656429608
5618.0,9.133357862430582
5619.0,9.135052199296018
5620.0,9.136818907060771
5621.0,9.137760625819428
5622.0,9.13867218230446
5623.0,9.138830387100237
5624.0,9.13920538575529
5625.0,9.139444244529022
5626.0,9.139651907432894
5627.0,9.139229074591528
5628.0,9.138800660446922
5629.0,9.138080978382122
5630.0,9.137128529838854
5631.0,9.13600108204685
5632.0,9.134704649135378
5633.0,9.133671937677507
5634.0,9.133026885478412
5635.0,9.13280482228394
5636.0,9.132267527807642
5637.0,9.131431714343103
5638.0,9.130839489526963
5639.0,9.12998756078817
5640.0,9.129007462822788
5641.0,9.128991931494207
5642.0,9.128599236658237
5643.0,9.12688399691409
5644.0,9.12528764456216
5645.0,9.123413498839696
5646.0,9.122390147443161
5647.0,9.120771812608334
5648.0,9.119014164646789
5649.0,9.116715839704272
5650.0,9.114566025250102
5651.0,9.11219084559172
5652.0,9.108854186095094
5653.0,9.1059545576296
5654.0,9.102569783203837
5655.0,9.09875864347523
5656.0,9.0955952644143
5657.0,9.091894934582175
5658.0,9.088315804726392
5659.0,9.084119112712749
5660.0,9.080197267966586
5661.0,9.076052878484354
5662.0,9.071407019230769
5663.0,9.066147309565808
5664.0,9.061023761345151
5665.0,9.056965800762462
5666.0,9.053361181744327
5667.0,9.049539961299915
5668.0,9.04644574692103
5669.0,9.043939857522666
5670.0,9.042056638818675
5671.0,9.04041346163419
5672.0,9.038782123191133
5673.0,9.037085792938674
5674.0,9.035135345573316
5675.0,9.033089027368165
5676.0,9.030699239888214
5677.0,9.028192928130094
5678.0,9.025914515433561
5679.0,9.023783251823376
5680.0,9.021406099170381
5681.0,9.019235064512449
5682.0,9.016847676513594
5683.0,9.014057716198769
5684.0,9.011885452879342
5685.0,9.009536546878953
5686.0,9.007234687526525
5687.0,9.005725958071846
5688.0,9.0041704492902
5689.0,9.002814584432713
5690.0,9.0018553002198
5691.0,9.00024477955648
5692.0,8.998268855352704
5693.0,8.996283048987948
5694.0,8.994976788663779
5695.0,8.993770442305971
5696.0,8.992811882228182
5697.0,8.991955657668633
5698.0,8.991105966736427
5699.0,8.99000641845525
5700.0,8.988265537325633
5701.0,8.986535163572029
5702.0,8.985410844658233
5703.0,8.98432802784862
5704.0,8.983029858463334
5705.0,8.981744085175418
5706.0,8.98093978561687
5707.0,8.979788725840013
5708.0,8.978392556062165
5709.0,8.976127728180979
5710.0,8.974202804088781
5711.0,8.972100464754195
5712.0,8.96959492517249
5713.0,8.9670519179032
5714.0,8.96432925384268
5715.0,8.961770164885449
5716.0,8.959273022691772
5717.0,8.956888754572953
5718.0,8.954890820505161
5719.0,8.952646581653458
5720.0,8.949653496042396
5721.0,8.946378032508957
5722.0,8.942043068041789
5723.0,8.93749295661539
5724.0,8.933079017289039
5725.0,8.927708486603468
5726.0,8.922743827152031
5727.0,8.91824937439905
5728.0,8.913916887453144
5729.0,8.910306797174664
5730.0,8.906390859947413
5731.0,8.902193988442065
5732.0,8.899005923703877
5733.0,8.896269305767303
5734.0,8.893425290849539
5735.0,8.890152566287187
5736.0,8.88621345419769
5737.0,8.88228552552219
5738.0,8.878164362067693
5739.0,8.874587636626117
5740.0,8.870935003673079
5741.0,8.867384731179135
5742.0,8.863717700944827
5743.0,8.860359653529578
5744.0,8.856075297825868
5745.0,8.851987847285974
5746.0,8.848468082728061
5747.0,8.845341015722825
5748.0,8.841817563167258
5749.0,8.838530758107533
5750.0,8.835187115213849
5751.0,8.832198829694388
5752.0,8.829487150296742
5753.0,8.826570054828995
5754.0,8.823821171781281
5755.0,8.821122749879466
5756.0,8.819504348678434
5757.0,8.817364402877596
5758.0,8.814916321079583
5759.0,8.812515336361018
5760.0,8.80978800559851
5761.0,8.806500103547998
5762.0,8.803480187784135
5763.0,8.800712439029724
5764.0,8.798148354391882
5765.0,8.795537274817566
5766.0,8.792642464181021
5767.0,8.79023930540611
5768.0,8.787571055017033
5769.0,8.78471838283626
5770.0,8.782999898580407
5771.0,8.781780022931919
5772.0,8.780386945703107
5773.0,8.77795955220927
5774.0,8.77491797437156
5775.0,8.772327564122321
5776.0,8.770399984516612
5777.0,8.769227100434616
5778.0,8.767756928386902
5779.0,8.765846736823486
5780.0,8.764202821021986
5781.0,8.762403271757753
5782.0,8.7609321566844
5783.0,8.759488868348933
5784.0,8.757841355779968
5785.0,8.756307665297914
5786.0,8.754518218290093
5787.0,8.752674530480274
5788.0,8.751481774807568
5789.0,8.75004510700536
5790.0,8.748559328826618
5791.0,8.747535535597887
5792.0,8.746931025891476
5793.0,8.745994799557225
5794.0,8.745451266711548
5795.0,8.745389024866679
5796.0,8.745410949013985
5797.0,8.745512103925073
5798.0,8.744527820453138
5799.0,8.743668441846195
5800.0,8.7430827005147
5801.0,8.742102450785408
5802.0,8.741853857118407
5803.0,8.741454036221315
5804.0,8.740572184215827
5805.0,8.739722300839993
5806.0,8.738282246565694
5807.0,8.736337467359863
5808.0,8.734456141234315
5809.0,8.732982703882259
5810.0,8.731062940767913
5811.0,8.72920880795348
5812.0,8.727477610744847
5813.0,8.725801474825891
5814.0,8.724177682606536
5815.0,8.721713949767077
5816.0,8.719165501756544
5817.0,8.716403234484273
5818.0,8.713578970711325
5819.0,8.711075907176802
5820.0,8.70865678025121
5821.0,8.706279768925514
5822.0,8.703970972010907
5823.0,8.70168126249121
5824.0,8.700003759603204
5825.0,8.698112976584216
5826.0,8.695753389696272
5827.0,8.693093648857221
5828.0,8.691069309215697
5829.0,8.688609317852366
5830.0,8.686499658862878
5831.0,8.684197972254733
5832.0,8.68159659303978
5833.0,8.679651886544361
5834.0,8.677823529457754
5835.0,8.676031371044703
5836.0,8.673450961788966
5837.0,8.670362849178566
5838.0,8.667538075070837
5839.0,8.664412186597206
5840.0,8.6616665438564
5841.0,8.65930978812397
5842.0,8.657781731708953
5843.0,8.656282240882803
5844.0,8.655423103746084
5845.0,8.655085508873189
5846.0,8.655622642857377
5847.0,8.655885186263959
5848.0,8.65582131345694
5849.0,8.65609363672633
5850.0,8.655786608912177
5851.0,8.656355565151735
5852.0,8.656818467889599
5853.0,8.656926612347224
5854.0,8.657032155215767
5855.0,8.657715001976586
5856.0,8.65863983608797
5857.0,8.659136465763916
5858.0,8.659301770292737
5859.0,8.659639859684201
5860.0,8.660023693908435
5861.0,8.660299910732203
5862.0,8.659717734822895
5863.0,8.659757921563292
5864.0,8.659893548909618
5865.0,8.659555725473282
5866.0,8.65889217926043
5867.0,8.657746111242295
5868.0,8.656791604875883
5869.0,8.655731996919151
5870.0,8.654226796724242
5871.0,8.653238649496778
5872.0,8.652466753247369
5873.0,8.652010267324904
5874.0,8.65195489692446
5875.0,8.651999912407817
